datetime,open,high,low,close,volume
2023-04-17 00:00:00,0.0,0.0,0.0,0.0,0
2023-04-17 01:00:00,0.0,0.0,0.0,0.0,0
2023-04-17 02:00:00,0.0,0.0,0.0,0.0,0
2023-04-17 03:00:00,0.0,0.0,0.0,0.0,0
2023-04-17 04:00:00,0.0,0.0,0.0,0.0,0
2023-04-17 05:00:00,0.0,0.0,0.0,0.0,0
2023-04-17 06:00:00,0.0,0.0,0.0,0.0,0
2023-04-17 07:00:00,0.0,0.0,0.0,0.0,0
2023-04-17 08:00:00,0.0,0.0,0.0,0.0,0
2023-04-17 09:00:00,0.0,0.0,0.0,0.0,0
2023-04-17 10:00:00,0.0,0.0,0.0,0.0,0
2023-04-17 11:00:00,0.0,0.0,0.0,0.0,0
2023-04-17 12:00:00,0.0,0.0,0.0,0.0,0
2023-04-17 13:00:00,0.0,0.0,0.0,0.0,0
2023-04-17 14:00:00,0.0,0.0,0.0,0.0,0
2023-04-17 15:00:00,0.0,0.0,0.0,0.0,0
2023-04-17 16:00:00,0.0,0.0,0.0,0.0,0
2023-04-17 17:00:00,0.0,0.0,0.0,0.0,0
2023-04-17 18:00:00,0.0,0.0,0.0,0.0,0
2023-04-17 19:00:00,0.0,0.0,0.0,0.0,0
2023-04-17 20:00:00,0.0,0.0,0.0,0.0,0
2023-04-17 21:00:00,0.0,0.0,0.0,0.0,0
2023-04-17 22:00:00,0.0,0.0,0.0,0.0,0
2023-04-17 23:00:00,0.0,0.0,0.0,0.0,0
2023-04-18 00:00:00,0.0,0.0,0.0,0.0,0
2023-04-18 01:00:00,0.0,0.0,0.0,0.0,0
2023-04-18 02:00:00,0.0,0.0,0.0,0.0,0
2023-04-18 03:00:00,0.0,0.0,0.0,0.0,0
2023-04-18 04:00:00,0.0,0.0,0.0,0.0,0
2023-04-18 05:00:00,0.0,0.0,0.0,0.0,0
2023-04-18 06:00:00,0.0,0.0,0.0,0.0,0
2023-04-18 07:00:00,0.0,0.0,0.0,0.0,0
2023-04-18 08:00:00,0.0,0.0,0.0,0.0,0
2023-04-18 09:00:00,0.0,0.0,0.0,0.0,0
2023-04-18 10:00:00,0.0,0.0,0.0,0.0,0
2023-04-18 11:00:00,0.0,0.0,0.0,0.0,0
2023-04-18 12:00:00,0.0,0.0,0.0,0.0,0
2023-04-18 13:00:00,0.0,0.0,0.0,0.0,0
2023-04-18 14:00:00,0.0,0.0,0.0,0.0,0
2023-04-18 15:00:00,0.0,0.0,0.0,0.0,0
2023-04-18 16:00:00,0.0,0.0,0.0,0.0,0
2023-04-18 17:00:00,0.0,0.0,0.0,0.0,0
2023-04-18 18:00:00,0.0,0.0,0.0,0.0,0
2023-04-18 19:00:00,0.0,0.0,0.0,0.0,0
2023-04-18 20:00:00,0.0,0.0,0.0,0.0,0
2023-04-18 21:00:00,0.0,0.0,0.0,0.0,0
2023-04-18 22:00:00,0.0,0.0,0.0,0.0,0
2023-04-18 23:00:00,0.0,0.0,0.0,0.0,0
2023-04-19 00:00:00,0.0,0.0,0.0,0.0,0
2023-04-19 01:00:00,0.0,0.0,0.0,0.0,0
2023-04-19 02:00:00,0.0,0.0,0.0,0.0,0
2023-04-19 03:00:00,0.0,0.0,0.0,0.0,0
2023-04-19 04:00:00,0.0,0.0,0.0,0.0,0
2023-04-19 05:00:00,0.0,0.0,0.0,0.0,0
2023-04-19 06:00:00,0.0,0.0,0.0,0.0,0
2023-04-19 07:00:00,0.0,0.0,0.0,0.0,0
2023-04-19 08:00:00,0.0,0.0,0.0,0.0,0
2023-04-19 09:00:00,0.0,0.0,0.0,0.0,0
2023-04-19 10:00:00,0.0,0.0,0.0,0.0,0
2023-04-19 11:00:00,0.0,0.0,0.0,0.0,0
2023-04-19 12:00:00,0.0,0.0,0.0,0.0,0
2023-04-19 13:00:00,0.0,0.0,0.0,0.0,0
2023-04-19 14:00:00,0.0,0.0,0.0,0.0,0
2023-04-19 15:00:00,0.0,0.0,0.0,0.0,0
2023-04-19 16:00:00,0.0,0.0,0.0,0.0,0
2023-04-19 17:00:00,0.0,0.0,0.0,0.0,0
2023-04-19 18:00:00,0.0,0.0,0.0,0.0,0
2023-04-19 19:00:00,0.0,0.0,0.0,0.0,0
2023-04-19 20:00:00,0.0,0.0,0.0,0.0,0
2023-04-19 21:00:00,0.0,0.0,0.0,0.0,0
2023-04-19 22:00:00,0.0,0.0,0.0,0.0,0
2023-04-19 23:00:00,0.0,0.0,0.0,0.0,0
2023-04-20 00:00:00,0.0,0.0,0.0,0.0,0
2023-04-20 01:00:00,0.0,0.0,0.0,0.0,0
2023-04-20 02:00:00,0.0,0.0,0.0,0.0,0
2023-04-20 03:00:00,0.0,0.0,0.0,0.0,0
2023-04-20 04:00:00,0.0,0.0,0.0,0.0,0
2023-04-20 05:00:00,0.0,0.0,0.0,0.0,0
2023-04-20 06:00:00,0.0,0.0,0.0,0.0,0
2023-04-20 07:00:00,0.0,0.0,0.0,0.0,0
2023-04-20 08:00:00,0.0,0.0,0.0,0.0,0
2023-04-20 09:00:00,0.0,0.0,0.0,0.0,0
2023-04-20 10:00:00,0.0,0.0,0.0,0.0,0
2023-04-20 11:00:00,0.0,0.0,0.0,0.0,0
2023-04-20 12:00:00,0.0,0.0,0.0,0.0,0
2023-04-20 13:00:00,0.0,0.0,0.0,0.0,0
2023-04-20 14:00:00,0.0,0.0,0.0,0.0,0
2023-04-20 15:00:00,0.0,0.0,0.0,0.0,0
2023-04-20 16:00:00,0.0,0.0,0.0,0.0,0
2023-04-20 17:00:00,0.0,0.0,0.0,0.0,0
2023-04-20 18:00:00,0.0,0.0,0.0,0.0,0
2023-04-20 19:00:00,0.0,0.0,0.0,0.0,0
2023-04-20 20:00:00,0.0,0.0,0.0,0.0,0
2023-04-20 21:00:00,0.0,0.0,0.0,0.0,0
2023-04-20 22:00:00,0.0,0.0,0.0,0.0,0
2023-04-20 23:00:00,0.0,0.0,0.0,0.0,0
2023-04-21 00:00:00,0.0,0.0,0.0,0.0,0
2023-04-21 01:00:00,0.0,0.0,0.0,0.0,0
2023-04-21 02:00:00,0.0,0.0,0.0,0.0,0
2023-04-21 03:00:00,0.0,0.0,0.0,0.0,0
2023-04-21 04:00:00,0.0,0.0,0.0,0.0,0
2023-04-21 05:00:00,0.0,0.0,0.0,0.0,0
2023-04-21 06:00:00,0.0,0.0,0.0,0.0,0
2023-04-21 07:00:00,0.0,0.0,0.0,0.0,0
2023-04-21 08:00:00,0.0,0.0,0.0,0.0,0
2023-04-21 09:00:00,0.0,0.0,0.0,0.0,0
2023-04-21 10:00:00,0.0,0.0,0.0,0.0,0
2023-04-21 11:00:00,0.0,0.0,0.0,0.0,0
2023-04-21 12:00:00,0.0,0.0,0.0,0.0,0
2023-04-21 13:00:00,0.0,0.0,0.0,0.0,0
2023-04-21 14:00:00,0.0,0.0,0.0,0.0,0
2023-04-21 15:00:00,0.0,0.0,0.0,0.0,0
2023-04-21 16:00:00,0.0,0.0,0.0,0.0,0
2023-04-21 17:00:00,0.0,0.0,0.0,0.0,0
2023-04-21 18:00:00,0.0,0.0,0.0,0.0,0
2023-04-21 19:00:00,0.0,0.0,0.0,0.0,0
2023-04-21 20:00:00,0.0,0.0,0.0,0.0,0
2023-04-21 21:00:00,0.0,0.0,0.0,0.0,0
2023-04-21 22:00:00,0.0,0.0,0.0,0.0,0
2023-04-21 23:00:00,0.0,0.0,0.0,0.0,0
2023-04-22 00:00:00,0.0,0.0,0.0,0.0,0
2023-04-22 01:00:00,0.0,0.0,0.0,0.0,0
2023-04-22 02:00:00,0.0,0.0,0.0,0.0,0
2023-04-22 03:00:00,0.0,0.0,0.0,0.0,0
2023-04-22 04:00:00,0.0,0.0,0.0,0.0,0
2023-04-22 05:00:00,0.0,0.0,0.0,0.0,0
2023-04-22 06:00:00,0.0,0.0,0.0,0.0,0
2023-04-22 07:00:00,0.0,0.0,0.0,0.0,0
2023-04-22 08:00:00,0.0,0.0,0.0,0.0,0
2023-04-22 09:00:00,0.0,0.0,0.0,0.0,0
2023-04-22 10:00:00,0.0,0.0,0.0,0.0,0
2023-04-22 11:00:00,0.0,0.0,0.0,0.0,0
2023-04-22 12:00:00,0.0,0.0,0.0,0.0,0
2023-04-22 13:00:00,0.0,0.0,0.0,0.0,0
2023-04-22 14:00:00,0.0,0.0,0.0,0.0,0
2023-04-22 15:00:00,0.0,0.0,0.0,0.0,0
2023-04-22 16:00:00,0.0,0.0,0.0,0.0,0
2023-04-22 17:00:00,0.0,0.0,0.0,0.0,0
2023-04-22 18:00:00,0.0,0.0,0.0,0.0,0
2023-04-22 19:00:00,0.0,0.0,0.0,0.0,0
2023-04-22 20:00:00,0.0,0.0,0.0,0.0,0
2023-04-22 21:00:00,0.0,0.0,0.0,0.0,0
2023-04-22 22:00:00,0.0,0.0,0.0,0.0,0
2023-04-22 23:00:00,0.0,0.0,0.0,0.0,0
2023-04-23 00:00:00,0.0,0.0,0.0,0.0,0
2023-04-23 01:00:00,0.0,0.0,0.0,0.0,0
2023-04-23 02:00:00,0.0,0.0,0.0,0.0,0
2023-04-23 03:00:00,0.0,0.0,0.0,0.0,0
2023-04-23 04:00:00,0.0,0.0,0.0,0.0,0
2023-04-23 05:00:00,0.0,0.0,0.0,0.0,0
2023-04-23 06:00:00,0.0,0.0,0.0,0.0,0
2023-04-23 07:00:00,0.0,0.0,0.0,0.0,0
2023-04-23 08:00:00,0.0,0.0,0.0,0.0,0
2023-04-23 09:00:00,0.0,0.0,0.0,0.0,0
2023-04-23 10:00:00,0.0,0.0,0.0,0.0,0
2023-04-23 11:00:00,0.0,0.0,0.0,0.0,0
2023-04-23 12:00:00,0.0,0.0,0.0,0.0,0
2023-04-23 13:00:00,0.0,0.0,0.0,0.0,0
2023-04-23 14:00:00,0.0,0.0,0.0,0.0,0
2023-04-23 15:00:00,0.0,0.0,0.0,0.0,0
2023-04-23 16:00:00,0.0,0.0,0.0,0.0,0
2023-04-23 17:00:00,0.0,0.0,0.0,0.0,0
2023-04-23 18:00:00,0.0,0.0,0.0,0.0,0
2023-04-23 19:00:00,0.0,0.0,0.0,0.0,0
2023-04-23 20:00:00,0.0,0.0,0.0,0.0,0
2023-04-23 21:00:00,0.0,0.0,0.0,0.0,0
2023-04-23 22:00:00,0.0,0.0,0.0,0.0,0
2023-04-23 23:00:00,0.0,0.0,0.0,0.0,0
2023-04-24 00:00:00,0.0,0.0,0.0,0.0,0
2023-04-24 01:00:00,0.0,0.0,0.0,0.0,0
2023-04-24 02:00:00,0.0,0.0,0.0,0.0,0
2023-04-24 03:00:00,0.0,0.0,0.0,0.0,0
2023-04-24 04:00:00,0.0,0.0,0.0,0.0,0
2023-04-24 05:00:00,0.0,0.0,0.0,0.0,0
2023-04-24 06:00:00,0.0,0.0,0.0,0.0,0
2023-04-24 07:00:00,0.0,0.0,0.0,0.0,0
2023-04-24 08:00:00,0.0,0.0,0.0,0.0,0
2023-04-24 09:00:00,0.0,0.0,0.0,0.0,0
2023-04-24 10:00:00,0.0,0.0,0.0,0.0,0
2023-04-24 11:00:00,0.0,0.0,0.0,0.0,0
2023-04-24 12:00:00,0.0,0.0,0.0,0.0,0
2023-04-24 13:00:00,0.0,0.0,0.0,0.0,0
2023-04-24 14:00:00,0.0,0.0,0.0,0.0,0
2023-04-24 15:00:00,0.0,0.0,0.0,0.0,0
2023-04-24 16:00:00,0.0,0.0,0.0,0.0,0
2023-04-24 17:00:00,0.0,0.0,0.0,0.0,0
2023-04-24 18:00:00,0.0,0.0,0.0,0.0,0
2023-04-24 19:00:00,0.0,0.0,0.0,0.0,0
2023-04-24 20:00:00,0.0,0.0,0.0,0.0,0
2023-04-24 21:00:00,0.0,0.0,0.0,0.0,0
2023-04-24 22:00:00,0.0,0.0,0.0,0.0,0
2023-04-24 23:00:00,0.0,0.0,0.0,0.0,0
2023-04-25 00:00:00,0.0,0.0,0.0,0.0,0
2023-04-25 01:00:00,0.0,0.0,0.0,0.0,0
2023-04-25 02:00:00,0.0,0.0,0.0,0.0,0
2023-04-25 03:00:00,0.0,0.0,0.0,0.0,0
2023-04-25 04:00:00,0.0,0.0,0.0,0.0,0
2023-04-25 05:00:00,0.0,0.0,0.0,0.0,0
2023-04-25 06:00:00,0.0,0.0,0.0,0.0,0
2023-04-25 07:00:00,0.0,0.0,0.0,0.0,0
2023-04-25 08:00:00,0.0,0.0,0.0,0.0,0
2023-04-25 09:00:00,0.0,0.0,0.0,0.0,0
2023-04-25 10:00:00,0.0,0.0,0.0,0.0,0
2023-04-25 11:00:00,0.0,0.0,0.0,0.0,0
2023-04-25 12:00:00,0.0,0.0,0.0,0.0,0
2023-04-25 13:00:00,0.0,0.0,0.0,0.0,0
2023-04-25 14:00:00,0.0,0.0,0.0,0.0,0
2023-04-25 15:00:00,0.0,0.0,0.0,0.0,0
2023-04-25 16:00:00,0.0,0.0,0.0,0.0,0
2023-04-25 17:00:00,0.0,0.0,0.0,0.0,0
2023-04-25 18:00:00,0.0,0.0,0.0,0.0,0
2023-04-25 19:00:00,0.0,0.0,0.0,0.0,0
2023-04-25 20:00:00,0.0,0.0,0.0,0.0,0
2023-04-25 21:00:00,0.0,0.0,0.0,0.0,0
2023-04-25 22:00:00,0.0,0.0,0.0,0.0,0
2023-04-25 23:00:00,0.0,0.0,0.0,0.0,0
2023-04-26 00:00:00,0.0,0.0,0.0,0.0,0
2023-04-26 01:00:00,0.0,0.0,0.0,0.0,0
2023-04-26 02:00:00,0.0,0.0,0.0,0.0,0
2023-04-26 03:00:00,0.0,0.0,0.0,0.0,0
2023-04-26 04:00:00,0.0,0.0,0.0,0.0,0
2023-04-26 05:00:00,0.0,0.0,0.0,0.0,0
2023-04-26 06:00:00,0.0,0.0,0.0,0.0,0
2023-04-26 07:00:00,0.0,0.0,0.0,0.0,0
2023-04-26 08:00:00,0.0,0.0,0.0,0.0,0
2023-04-26 09:00:00,0.0,0.0,0.0,0.0,0
2023-04-26 10:00:00,0.0,0.0,0.0,0.0,0
2023-04-26 11:00:00,0.0,0.0,0.0,0.0,0
2023-04-26 12:00:00,0.0,0.0,0.0,0.0,0
2023-04-26 13:00:00,0.0,0.0,0.0,0.0,0
2023-04-26 14:00:00,0.0,0.0,0.0,0.0,0
2023-04-26 15:00:00,0.0,0.0,0.0,0.0,0
2023-04-26 16:00:00,0.0,0.0,0.0,0.0,0
2023-04-26 17:00:00,0.0,0.0,0.0,0.0,0
2023-04-26 18:00:00,0.0,0.0,0.0,0.0,0
2023-04-26 19:00:00,0.0,0.0,0.0,0.0,0
2023-04-26 20:00:00,0.0,0.0,0.0,0.0,0
2023-04-26 21:00:00,0.0,0.0,0.0,0.0,0
2023-04-26 22:00:00,0.0,0.0,0.0,0.0,0
2023-04-26 23:00:00,0.0,0.0,0.0,0.0,0
2023-04-27 00:00:00,0.0,0.0,0.0,0.0,0
2023-04-27 01:00:00,0.0,0.0,0.0,0.0,0
2023-04-27 02:00:00,0.0,0.0,0.0,0.0,0
2023-04-27 03:00:00,0.0,0.0,0.0,0.0,0
2023-04-27 04:00:00,0.0,0.0,0.0,0.0,0
2023-04-27 05:00:00,0.0,0.0,0.0,0.0,0
2023-04-27 06:00:00,0.0,0.0,0.0,0.0,0
2023-04-27 07:00:00,0.0,0.0,0.0,0.0,0
2023-04-27 08:00:00,0.0,0.0,0.0,0.0,0
2023-04-27 09:00:00,0.0,0.0,0.0,0.0,0
2023-04-27 10:00:00,0.0,0.0,0.0,0.0,0
2023-04-27 11:00:00,0.0,0.0,0.0,0.0,0
2023-04-27 12:00:00,0.0,0.0,0.0,0.0,0
2023-04-27 13:00:00,0.0,0.0,0.0,0.0,0
2023-04-27 14:00:00,0.0,0.0,0.0,0.0,0
2023-04-27 15:00:00,0.0,0.0,0.0,0.0,0
2023-04-27 16:00:00,0.0,0.0,0.0,0.0,0
2023-04-27 17:00:00,0.0,0.0,0.0,0.0,0
2023-04-27 18:00:00,0.0,0.0,0.0,0.0,0
2023-04-27 19:00:00,0.0,0.0,0.0,0.0,0
2023-04-27 20:00:00,0.0,0.0,0.0,0.0,0
2023-04-27 21:00:00,0.0,0.0,0.0,0.0,0
2023-04-27 22:00:00,0.0,0.0,0.0,0.0,0
2023-04-27 23:00:00,0.0,0.0,0.0,0.0,0
2023-04-28 00:00:00,0.0,0.0,0.0,0.0,0
2023-04-28 01:00:00,0.0,0.0,0.0,0.0,0
2023-04-28 02:00:00,0.0,0.0,0.0,0.0,0
2023-04-28 03:00:00,0.0,0.0,0.0,0.0,0
2023-04-28 04:00:00,0.0,0.0,0.0,0.0,0
2023-04-28 05:00:00,0.0,0.0,0.0,0.0,0
2023-04-28 06:00:00,0.0,0.0,0.0,0.0,0
2023-04-28 07:00:00,0.0,0.0,0.0,0.0,0
2023-04-28 08:00:00,0.0,0.0,0.0,0.0,0
2023-04-28 09:00:00,0.0,0.0,0.0,0.0,0
2023-04-28 10:00:00,0.0,0.0,0.0,0.0,0
2023-04-28 11:00:00,0.0,0.0,0.0,0.0,0
2023-04-28 12:00:00,0.0,0.0,0.0,0.0,0
2023-04-28 13:00:00,0.0,0.0,0.0,0.0,0
2023-04-28 14:00:00,0.0,0.0,0.0,0.0,0
2023-04-28 15:00:00,0.0,0.0,0.0,0.0,0
2023-04-28 16:00:00,0.0,0.0,0.0,0.0,0
2023-04-28 17:00:00,0.0,0.0,0.0,0.0,0
2023-04-28 18:00:00,0.0,0.0,0.0,0.0,0
2023-04-28 19:00:00,0.0,0.0,0.0,0.0,0
2023-04-28 20:00:00,0.0,0.0,0.0,0.0,0
2023-04-28 21:00:00,0.0,0.0,0.0,0.0,0
2023-04-28 22:00:00,0.0,0.0,0.0,0.0,0
2023-04-28 23:00:00,0.0,0.0,0.0,0.0,0
2023-04-29 00:00:00,0.0,0.0,0.0,0.0,0
2023-04-29 01:00:00,0.0,0.0,0.0,0.0,0
2023-04-29 02:00:00,0.0,0.0,0.0,0.0,0
2023-04-29 03:00:00,0.0,0.0,0.0,0.0,0
2023-04-29 04:00:00,0.0,0.0,0.0,0.0,0
2023-04-29 05:00:00,0.0,0.0,0.0,0.0,0
2023-04-29 06:00:00,0.0,0.0,0.0,0.0,0
2023-04-29 07:00:00,0.0,0.0,0.0,0.0,0
2023-04-29 08:00:00,0.0,0.0,0.0,0.0,0
2023-04-29 09:00:00,0.0,0.0,0.0,0.0,0
2023-04-29 10:00:00,0.0,0.0,0.0,0.0,0
2023-04-29 11:00:00,0.0,0.0,0.0,0.0,0
2023-04-29 12:00:00,0.0,0.0,0.0,0.0,0
2023-04-29 13:00:00,0.0,0.0,0.0,0.0,0
2023-04-29 14:00:00,0.0,0.0,0.0,0.0,0
2023-04-29 15:00:00,0.0,0.0,0.0,0.0,0
2023-04-29 16:00:00,0.0,0.0,0.0,0.0,0
2023-04-29 17:00:00,0.0,0.0,0.0,0.0,0
2023-04-29 18:00:00,0.0,0.0,0.0,0.0,0
2023-04-29 19:00:00,0.0,0.0,0.0,0.0,0
2023-04-29 20:00:00,0.0,0.0,0.0,0.0,0
2023-04-29 21:00:00,0.0,0.0,0.0,0.0,0
2023-04-29 22:00:00,0.0,0.0,0.0,0.0,0
2023-04-29 23:00:00,0.0,0.0,0.0,0.0,0
2023-04-30 00:00:00,0.0,0.0,0.0,0.0,0
2023-04-30 01:00:00,0.0,0.0,0.0,0.0,0
2023-04-30 02:00:00,0.0,0.0,0.0,0.0,0
2023-04-30 03:00:00,0.0,0.0,0.0,0.0,0
2023-04-30 04:00:00,0.0,0.0,0.0,0.0,0
2023-04-30 05:00:00,0.0,0.0,0.0,0.0,0
2023-04-30 06:00:00,0.0,0.0,0.0,0.0,0
2023-04-30 07:00:00,0.0,0.0,0.0,0.0,0
2023-04-30 08:00:00,0.0,0.0,0.0,0.0,0
2023-04-30 09:00:00,0.0,0.0,0.0,0.0,0
2023-04-30 10:00:00,0.0,0.0,0.0,0.0,0
2023-04-30 11:00:00,0.0,0.0,0.0,0.0,0
2023-04-30 12:00:00,0.0,0.0,0.0,0.0,0
2023-04-30 13:00:00,0.0,0.0,0.0,0.0,0
2023-04-30 14:00:00,0.0,0.0,0.0,0.0,0
2023-04-30 15:00:00,0.0,0.0,0.0,0.0,0
2023-04-30 16:00:00,0.0,0.0,0.0,0.0,0
2023-04-30 17:00:00,0.0,0.0,0.0,0.0,0
2023-04-30 18:00:00,0.0,0.0,0.0,0.0,0
2023-04-30 19:00:00,0.0,0.0,0.0,0.0,0
2023-04-30 20:00:00,0.0,0.0,0.0,0.0,0
2023-04-30 21:00:00,0.0,0.0,0.0,0.0,0
2023-04-30 22:00:00,0.0,0.0,0.0,0.0,0
2023-04-30 23:00:00,0.0,0.0,0.0,0.0,0
2023-05-01 00:00:00,0.0,0.0,0.0,0.0,0
2023-05-01 01:00:00,0.0,0.0,0.0,0.0,0
2023-05-01 02:00:00,0.0,0.0,0.0,0.0,0
2023-05-01 03:00:00,0.0,0.0,0.0,0.0,0
2023-05-01 04:00:00,0.0,0.0,0.0,0.0,0
2023-05-01 05:00:00,0.0,0.0,0.0,0.0,0
2023-05-01 06:00:00,0.0,0.0,0.0,0.0,0
2023-05-01 07:00:00,0.0,0.0,0.0,0.0,0
2023-05-01 08:00:00,0.0,0.0,0.0,0.0,0
2023-05-01 09:00:00,0.0,0.0,0.0,0.0,0
2023-05-01 10:00:00,0.0,0.0,0.0,0.0,0
2023-05-01 11:00:00,0.0,0.0,0.0,0.0,0
2023-05-01 12:00:00,0.0,0.0,0.0,0.0,0
2023-05-01 13:00:00,0.0,0.0,0.0,0.0,0
2023-05-01 14:00:00,0.0,0.0,0.0,0.0,0
2023-05-01 15:00:00,0.0,0.0,0.0,0.0,0
2023-05-01 16:00:00,0.0,0.0,0.0,0.0,0
2023-05-01 17:00:00,0.0,0.0,0.0,0.0,0
2023-05-01 18:00:00,0.0,0.0,0.0,0.0,0
2023-05-01 19:00:00,0.0,0.0,0.0,0.0,0
2023-05-01 20:00:00,0.0,0.0,0.0,0.0,0
2023-05-01 21:00:00,0.0,0.0,0.0,0.0,0
2023-05-01 22:00:00,0.0,0.0,0.0,0.0,0
2023-05-01 23:00:00,0.0,0.0,0.0,0.0,0
2023-05-02 00:00:00,0.0,0.0,0.0,0.0,0
2023-05-02 01:00:00,0.0,0.0,0.0,0.0,0
2023-05-02 02:00:00,0.0,0.0,0.0,0.0,0
2023-05-02 03:00:00,0.0,0.0,0.0,0.0,0
2023-05-02 04:00:00,0.0,0.0,0.0,0.0,0
2023-05-02 05:00:00,0.0,0.0,0.0,0.0,0
2023-05-02 06:00:00,0.0,0.0,0.0,0.0,0
2023-05-02 07:00:00,0.0,0.0,0.0,0.0,0
2023-05-02 08:00:00,0.0,0.0,0.0,0.0,0
2023-05-02 09:00:00,0.0,0.0,0.0,0.0,0
2023-05-02 10:00:00,0.0,0.0,0.0,0.0,0
2023-05-02 11:00:00,0.0,0.0,0.0,0.0,0
2023-05-02 12:00:00,0.0,0.0,0.0,0.0,0
2023-05-02 13:00:00,0.0,0.0,0.0,0.0,0
2023-05-02 14:00:00,0.0,0.0,0.0,0.0,0
2023-05-02 15:00:00,0.0,0.0,0.0,0.0,0
2023-05-02 16:00:00,0.0,0.0,0.0,0.0,0
2023-05-02 17:00:00,0.0,0.0,0.0,0.0,0
2023-05-02 18:00:00,0.0,0.0,0.0,0.0,0
2023-05-02 19:00:00,0.0,0.0,0.0,0.0,0
2023-05-02 20:00:00,0.0,0.0,0.0,0.0,0
2023-05-02 21:00:00,0.0,0.0,0.0,0.0,0
2023-05-02 22:00:00,0.0,0.0,0.0,0.0,0
2023-05-02 23:00:00,0.0,0.0,0.0,0.0,0
2023-05-03 00:00:00,0.0,0.0,0.0,0.0,0
2023-05-03 01:00:00,0.0,0.0,0.0,0.0,0
2023-05-03 02:00:00,0.0,0.0,0.0,0.0,0
2023-05-03 03:00:00,0.0,0.0,0.0,0.0,0
2023-05-03 04:00:00,0.0,0.0,0.0,0.0,0
2023-05-03 05:00:00,0.0,0.0,0.0,0.0,0
2023-05-03 06:00:00,0.0,0.0,0.0,0.0,0
2023-05-03 07:00:00,0.0,0.0,0.0,0.0,0
2023-05-03 08:00:00,0.0,0.0,0.0,0.0,0
2023-05-03 09:00:00,0.0,0.0,0.0,0.0,0
2023-05-03 10:00:00,0.0,0.0,0.0,0.0,0
2023-05-03 11:00:00,0.0,0.0,0.0,0.0,0
2023-05-03 12:00:00,0.0,0.0,0.0,0.0,0
2023-05-03 13:00:00,0.0,0.0,0.0,0.0,0
2023-05-03 14:00:00,0.0,0.0,0.0,0.0,0
2023-05-03 15:00:00,0.0,0.0,0.0,0.0,0
2023-05-03 16:00:00,0.0,0.0,0.0,0.0,0
2023-05-03 17:00:00,0.0,0.0,0.0,0.0,0
2023-05-03 18:00:00,0.0,0.0,0.0,0.0,0
2023-05-03 19:00:00,0.0,0.0,0.0,0.0,0
2023-05-03 20:00:00,0.0,0.0,0.0,0.0,0
2023-05-03 21:00:00,0.0,0.0,0.0,0.0,0
2023-05-03 22:00:00,0.0,0.0,0.0,0.0,0
2023-05-03 23:00:00,0.0,0.0,0.0,0.0,0
2023-05-04 00:00:00,0.0,0.0,0.0,0.0,0
2023-05-04 01:00:00,0.0,0.0,0.0,0.0,0
2023-05-04 02:00:00,0.0,0.0,0.0,0.0,0
2023-05-04 03:00:00,0.0,0.0,0.0,0.0,0
2023-05-04 04:00:00,0.0,0.0,0.0,0.0,0
2023-05-04 05:00:00,0.0,0.0,0.0,0.0,0
2023-05-04 06:00:00,0.0,0.0,0.0,0.0,0
2023-05-04 07:00:00,0.0,0.0,0.0,0.0,0
2023-05-04 08:00:00,0.0,0.0,0.0,0.0,0
2023-05-04 09:00:00,0.0,0.0,0.0,0.0,0
2023-05-04 10:00:00,0.0,0.0,0.0,0.0,0
2023-05-04 11:00:00,0.0,0.0,0.0,0.0,0
2023-05-04 12:00:00,0.0,0.0,0.0,0.0,0
2023-05-04 13:00:00,0.0,0.0,0.0,0.0,0
2023-05-04 14:00:00,0.0,0.0,0.0,0.0,0
2023-05-04 15:00:00,0.0,0.0,0.0,0.0,0
2023-05-04 16:00:00,0.0,0.0,0.0,0.0,0
2023-05-04 17:00:00,0.0,0.0,0.0,0.0,0
2023-05-04 18:00:00,0.0,0.0,0.0,0.0,0
2023-05-04 19:00:00,0.0,0.0,0.0,0.0,0
2023-05-04 20:00:00,0.0,0.0,0.0,0.0,0
2023-05-04 21:00:00,0.0,0.0,0.0,0.0,0
2023-05-04 22:00:00,0.0,0.0,0.0,0.0,0
2023-05-04 23:00:00,0.0,0.0,0.0,0.0,0
2023-05-05 00:00:00,0.0,0.0,0.0,0.0,0
2023-05-05 01:00:00,0.0,0.0,0.0,0.0,0
2023-05-05 02:00:00,0.0,0.0,0.0,0.0,0
2023-05-05 03:00:00,0.0,0.0,0.0,0.0,0
2023-05-05 04:00:00,0.0,0.0,0.0,0.0,0
2023-05-05 05:00:00,0.0,0.0,0.0,0.0,0
2023-05-05 06:00:00,0.0,0.0,0.0,0.0,0
2023-05-05 07:00:00,0.0,0.0,0.0,0.0,0
2023-05-05 08:00:00,0.0,0.0,0.0,0.0,0
2023-05-05 09:00:00,0.0,0.0,0.0,0.0,0
2023-05-05 10:00:00,0.0,0.0,0.0,0.0,0
2023-05-05 11:00:00,0.0,0.0,0.0,0.0,0
2023-05-05 12:00:00,0.0,0.0,0.0,0.0,0
2023-05-05 13:00:00,0.0,0.0,0.0,0.0,0
2023-05-05 14:00:00,0.0,0.0,0.0,0.0,0
2023-05-05 15:00:00,0.0,0.0,0.0,0.0,0
2023-05-05 16:00:00,0.0,0.0,0.0,0.0,0
2023-05-05 17:00:00,0.0,0.0,0.0,0.0,0
2023-05-05 18:00:00,0.0,0.0,0.0,0.0,0
2023-05-05 19:00:00,0.0,0.0,0.0,0.0,0
2023-05-05 20:00:00,0.0,0.0,0.0,0.0,0
2023-05-05 21:00:00,0.0,0.0,0.0,0.0,0
2023-05-05 22:00:00,0.0,0.0,0.0,0.0,0
2023-05-05 23:00:00,0.0,0.0,0.0,0.0,0
2023-05-06 00:00:00,0.0,0.0,0.0,0.0,0
2023-05-06 01:00:00,0.0,0.0,0.0,0.0,0
2023-05-06 02:00:00,0.0,0.0,0.0,0.0,0
2023-05-06 03:00:00,0.0,0.0,0.0,0.0,0
2023-05-06 04:00:00,0.0,0.0,0.0,0.0,0
2023-05-06 05:00:00,0.0,0.0,0.0,0.0,0
2023-05-06 06:00:00,0.0,0.0,0.0,0.0,0
2023-05-06 07:00:00,0.0,0.0,0.0,0.0,0
2023-05-06 08:00:00,0.0,0.0,0.0,0.0,0
2023-05-06 09:00:00,0.0,0.0,0.0,0.0,0
2023-05-06 10:00:00,0.0,0.0,0.0,0.0,0
2023-05-06 11:00:00,0.0,0.0,0.0,0.0,0
2023-05-06 12:00:00,0.0,0.0,0.0,0.0,0
2023-05-06 13:00:00,0.0,0.0,0.0,0.0,0
2023-05-06 14:00:00,0.0,0.0,0.0,0.0,0
2023-05-06 15:00:00,0.0,0.0,0.0,0.0,0
2023-05-06 16:00:00,0.0,0.0,0.0,0.0,0
2023-05-06 17:00:00,0.0,0.0,0.0,0.0,0
2023-05-06 18:00:00,0.0,0.0,0.0,0.0,0
2023-05-06 19:00:00,0.0,0.0,0.0,0.0,0
2023-05-06 20:00:00,0.0,0.0,0.0,0.0,0
2023-05-06 21:00:00,0.0,0.0,0.0,0.0,0
2023-05-06 22:00:00,0.0,0.0,0.0,0.0,0
2023-05-06 23:00:00,0.0,0.0,0.0,0.0,0
2023-05-07 00:00:00,0.0,0.0,0.0,0.0,0
2023-05-07 01:00:00,0.0,0.0,0.0,0.0,0
2023-05-07 02:00:00,0.0,0.0,0.0,0.0,0
2023-05-07 03:00:00,0.0,0.0,0.0,0.0,0
2023-05-07 04:00:00,0.0,0.0,0.0,0.0,0
2023-05-07 05:00:00,0.0,0.0,0.0,0.0,0
2023-05-07 06:00:00,0.0,0.0,0.0,0.0,0
2023-05-07 07:00:00,0.0,0.0,0.0,0.0,0
2023-05-07 08:00:00,0.0,0.0,0.0,0.0,0
2023-05-07 09:00:00,0.0,0.0,0.0,0.0,0
2023-05-07 10:00:00,0.0,0.0,0.0,0.0,0
2023-05-07 11:00:00,0.0,0.0,0.0,0.0,0
2023-05-07 12:00:00,0.0,0.0,0.0,0.0,0
2023-05-07 13:00:00,0.0,0.0,0.0,0.0,0
2023-05-07 14:00:00,0.0,0.0,0.0,0.0,0
2023-05-07 15:00:00,0.0,0.0,0.0,0.0,0
2023-05-07 16:00:00,0.0,0.0,0.0,0.0,0
2023-05-07 17:00:00,0.0,0.0,0.0,0.0,0
2023-05-07 18:00:00,0.0,0.0,0.0,0.0,0
2023-05-07 19:00:00,0.0,0.0,0.0,0.0,0
2023-05-07 20:00:00,0.0,0.0,0.0,0.0,0
2023-05-07 21:00:00,0.0,0.0,0.0,0.0,0
2023-05-07 22:00:00,0.0,0.0,0.0,0.0,0
2023-05-07 23:00:00,0.0,0.0,0.0,0.0,0
2023-05-08 00:00:00,0.0,0.0,0.0,0.0,0
2023-05-08 01:00:00,0.0,0.0,0.0,0.0,0
2023-05-08 02:00:00,0.0,0.0,0.0,0.0,0
2023-05-08 03:00:00,0.0,0.0,0.0,0.0,0
2023-05-08 04:00:00,0.0,0.0,0.0,0.0,0
2023-05-08 05:00:00,0.0,0.0,0.0,0.0,0
2023-05-08 06:00:00,0.0,0.0,0.0,0.0,0
2023-05-08 07:00:00,0.0,0.0,0.0,0.0,0
2023-05-08 08:00:00,0.0,0.0,0.0,0.0,0
2023-05-08 09:00:00,0.0,0.0,0.0,0.0,0
2023-05-08 10:00:00,0.0,0.0,0.0,0.0,0
2023-05-08 11:00:00,0.0,0.0,0.0,0.0,0
2023-05-08 12:00:00,0.0,0.0,0.0,0.0,0
2023-05-08 13:00:00,0.0,0.0,0.0,0.0,0
2023-05-08 14:00:00,0.0,0.0,0.0,0.0,0
2023-05-08 15:00:00,0.0,0.0,0.0,0.0,0
2023-05-08 16:00:00,0.0,0.0,0.0,0.0,0
2023-05-08 17:00:00,0.0,0.0,0.0,0.0,0
2023-05-08 18:00:00,0.0,0.0,0.0,0.0,0
2023-05-08 19:00:00,0.0,0.0,0.0,0.0,0
2023-05-08 20:00:00,0.0,0.0,0.0,0.0,0
2023-05-08 21:00:00,0.0,0.0,0.0,0.0,0
2023-05-08 22:00:00,0.0,0.0,0.0,0.0,0
2023-05-08 23:00:00,0.0,0.0,0.0,0.0,0
2023-05-09 00:00:00,0.0,0.0,0.0,0.0,0
2023-05-09 01:00:00,0.0,0.0,0.0,0.0,0
2023-05-09 02:00:00,0.0,0.0,0.0,0.0,0
2023-05-09 03:00:00,0.0,0.0,0.0,0.0,0
2023-05-09 04:00:00,0.0,0.0,0.0,0.0,0
2023-05-09 05:00:00,0.0,0.0,0.0,0.0,0
2023-05-09 06:00:00,0.0,0.0,0.0,0.0,0
2023-05-09 07:00:00,0.0,0.0,0.0,0.0,0
2023-05-09 08:00:00,0.0,0.0,0.0,0.0,0
2023-05-09 09:00:00,0.0,0.0,0.0,0.0,0
2023-05-09 10:00:00,0.0,0.0,0.0,0.0,0
2023-05-09 11:00:00,0.0,0.0,0.0,0.0,0
2023-05-09 12:00:00,0.0,0.0,0.0,0.0,0
2023-05-09 13:00:00,0.0,0.0,0.0,0.0,0
2023-05-09 14:00:00,0.0,0.0,0.0,0.0,0
2023-05-09 15:00:00,0.0,0.0,0.0,0.0,0
2023-05-09 16:00:00,0.0,0.0,0.0,0.0,0
2023-05-09 17:00:00,0.0,0.0,0.0,0.0,0
2023-05-09 18:00:00,0.0,0.0,0.0,0.0,0
2023-05-09 19:00:00,0.0,0.0,0.0,0.0,0
2023-05-09 20:00:00,0.0,0.0,0.0,0.0,0
2023-05-09 21:00:00,0.0,0.0,0.0,0.0,0
2023-05-09 22:00:00,0.0,0.0,0.0,0.0,0
2023-05-09 23:00:00,0.0,0.0,0.0,0.0,0
2023-05-10 00:00:00,0.0,0.0,0.0,0.0,0
2023-05-10 01:00:00,0.0,0.0,0.0,0.0,0
2023-05-10 02:00:00,0.0,0.0,0.0,0.0,0
2023-05-10 03:00:00,0.0,0.0,0.0,0.0,0
2023-05-10 04:00:00,0.0,0.0,0.0,0.0,0
2023-05-10 05:00:00,0.0,0.0,0.0,0.0,0
2023-05-10 06:00:00,0.0,0.0,0.0,0.0,0
2023-05-10 07:00:00,0.0,0.0,0.0,0.0,0
2023-05-10 08:00:00,0.0,0.0,0.0,0.0,0
2023-05-10 09:00:00,0.0,0.0,0.0,0.0,0
2023-05-10 10:00:00,0.0,0.0,0.0,0.0,0
2023-05-10 11:00:00,0.0,0.0,0.0,0.0,0
2023-05-10 12:00:00,0.0,0.0,0.0,0.0,0
2023-05-10 13:00:00,0.0,0.0,0.0,0.0,0
2023-05-10 14:00:00,0.0,0.0,0.0,0.0,0
2023-05-10 15:00:00,0.0,0.0,0.0,0.0,0
2023-05-10 16:00:00,0.0,0.0,0.0,0.0,0
2023-05-10 17:00:00,0.0,0.0,0.0,0.0,0
2023-05-10 18:00:00,0.0,0.0,0.0,0.0,0
2023-05-10 19:00:00,0.0,0.0,0.0,0.0,0
2023-05-10 20:00:00,0.0,0.0,0.0,0.0,0
2023-05-10 21:00:00,0.0,0.0,0.0,0.0,0
2023-05-10 22:00:00,0.0,0.0,0.0,0.0,0
2023-05-10 23:00:00,0.0,0.0,0.0,0.0,0
2023-05-11 00:00:00,0.0,0.0,0.0,0.0,0
2023-05-11 01:00:00,0.0,0.0,0.0,0.0,0
2023-05-11 02:00:00,0.0,0.0,0.0,0.0,0
2023-05-11 03:00:00,0.0,0.0,0.0,0.0,0
2023-05-11 04:00:00,0.0,0.0,0.0,0.0,0
2023-05-11 05:00:00,0.0,0.0,0.0,0.0,0
2023-05-11 06:00:00,0.0,0.0,0.0,0.0,0
2023-05-11 07:00:00,0.0,0.0,0.0,0.0,0
2023-05-11 08:00:00,0.0,0.0,0.0,0.0,0
2023-05-11 09:00:00,0.0,0.0,0.0,0.0,0
2023-05-11 10:00:00,0.0,0.0,0.0,0.0,0
2023-05-11 11:00:00,0.0,0.0,0.0,0.0,0
2023-05-11 12:00:00,0.0,0.0,0.0,0.0,0
2023-05-11 13:00:00,0.0,0.0,0.0,0.0,0
2023-05-11 14:00:00,0.0,0.0,0.0,0.0,0
2023-05-11 15:00:00,0.0,0.0,0.0,0.0,0
2023-05-11 16:00:00,0.0,0.0,0.0,0.0,0
2023-05-11 17:00:00,0.0,0.0,0.0,0.0,0
2023-05-11 18:00:00,0.0,0.0,0.0,0.0,0
2023-05-11 19:00:00,0.0,0.0,0.0,0.0,0
2023-05-11 20:00:00,0.0,0.0,0.0,0.0,0
2023-05-11 21:00:00,0.0,0.0,0.0,0.0,0
2023-05-11 22:00:00,0.0,0.0,0.0,0.0,0
2023-05-11 23:00:00,0.0,0.0,0.0,0.0,0
2023-05-12 00:00:00,1.39e-06,1.42e-06,1.38e-06,1.39e-06,229900000
2023-05-12 01:00:00,1.39e-06,1.39e-06,1.33e-06,1.33e-06,552600000
2023-05-12 02:00:00,1.33e-06,1.34e-06,1.1e-06,1.15e-06,10487800000
2023-05-12 03:00:00,1.15e-06,1.18e-06,1.14e-06,1.16e-06,1101600000
2023-05-12 04:00:00,1.16e-06,1.28e-06,1.16e-06,1.23e-06,34435700000
2023-05-12 05:00:00,1.23e-06,1.24e-06,1.12e-06,1.14e-06,3522800000
2023-05-12 06:00:00,1.14e-06,1.16e-06,1.09e-06,1.15e-06,4864000000
2023-05-12 07:00:00,1.15e-06,1.27e-06,1.15e-06,1.24e-06,18534900000
2023-05-12 08:00:00,1.24e-06,1.27e-06,1.2e-06,1.24e-06,3555300000
2023-05-12 09:00:00,1.24e-06,1.3e-06,1.24e-06,1.26e-06,371100000
2023-05-12 10:00:00,1.26e-06,1.29e-06,1.23e-06,1.26e-06,404100000
2023-05-12 11:00:00,1.26e-06,1.61e-06,1.25e-06,1.28e-06,6370000000
2023-05-12 12:00:00,1.28e-06,1.6e-06,1.27e-06,1.29e-06,282800000
2023-05-12 13:00:00,1.29e-06,1.5e-06,1.25e-06,1.28e-06,508000000
2023-05-12 14:00:00,1.28e-06,1.59e-06,1.2e-06,1.2e-06,3614700000
2023-05-12 15:00:00,1.2e-06,1.37e-06,1.19e-06,1.2e-06,2540000000
2023-05-12 16:00:00,1.2e-06,1.29e-06,1.19e-06,1.21e-06,2142800000
2023-05-12 17:00:00,1.21e-06,1.4e-06,1.21e-06,1.32e-06,2125300000
2023-05-12 18:00:00,1.32e-06,1.64e-06,1.32e-06,1.37e-06,1846300000
2023-05-12 19:00:00,1.37e-06,1.8e-06,1.27e-06,1.48e-06,1919700000
2023-05-12 20:00:00,1.48e-06,1.75e-06,1.47e-06,1.56e-06,4793800000
2023-05-12 21:00:00,1.56e-06,1.6e-06,1.53e-06,1.58e-06,1305800000
2023-05-12 22:00:00,1.58e-06,1.8e-06,1.53e-06,1.53e-06,2311100000
2023-05-12 23:00:00,1.53e-06,2e-06,1.53e-06,1.73e-06,1670200000
2023-05-13 00:00:00,1.73e-06,2e-06,1.66e-06,1.68e-06,3596000000
2023-05-13 01:00:00,1.68e-06,1.92e-06,1.57e-06,1.59e-06,455000000
2023-05-13 02:00:00,1.59e-06,1.65e-06,1.56e-06,1.57e-06,465300000
2023-05-13 03:00:00,1.57e-06,1.73e-06,1.57e-06,1.63e-06,1143300000
2023-05-13 04:00:00,1.63e-06,1.64e-06,1.57e-06,1.57e-06,1651400000
2023-05-13 05:00:00,1.57e-06,1.62e-06,1.57e-06,1.6e-06,589000000
2023-05-13 06:00:00,1.6e-06,1.7e-06,1.59e-06,1.63e-06,622700000
2023-05-13 07:00:00,1.63e-06,1.66e-06,1.6e-06,1.64e-06,143300000
2023-05-13 08:00:00,1.64e-06,1.66e-06,1.63e-06,1.66e-06,2918100000
2023-05-13 09:00:00,1.66e-06,1.88e-06,1.64e-06,1.84e-06,3345900000
2023-05-13 10:00:00,1.84e-06,1.92e-06,1.78e-06,1.9e-06,12372300000
2023-05-13 11:00:00,1.9e-06,2.01e-06,1.83e-06,1.99e-06,28126000000
2023-05-13 12:00:00,1.99e-06,2.08e-06,1.88e-06,1.99e-06,19361300000
2023-05-13 13:00:00,1.99e-06,1.99e-06,1.86e-06,1.88e-06,2840700000
2023-05-13 14:00:00,1.88e-06,1.97e-06,1.84e-06,1.89e-06,7508800000
2023-05-13 15:00:00,1.89e-06,1.98e-06,1.87e-06,1.95e-06,882400000
2023-05-13 16:00:00,1.95e-06,1.98e-06,1.92e-06,1.94e-06,1475300000
2023-05-13 17:00:00,1.94e-06,1.94e-06,1.75e-06,1.78e-06,2659200000
2023-05-13 18:00:00,1.78e-06,1.84e-06,1.73e-06,1.79e-06,4624900000
2023-05-13 19:00:00,1.79e-06,1.91e-06,1.79e-06,1.91e-06,136200000
2023-05-13 20:00:00,1.91e-06,1.91e-06,1.84e-06,1.88e-06,4133200000
2023-05-13 21:00:00,1.88e-06,1.92e-06,1.85e-06,1.88e-06,3930000000
2023-05-13 22:00:00,1.88e-06,1.88e-06,1.85e-06,1.88e-06,59900000
2023-05-13 23:00:00,1.88e-06,1.91e-06,1.88e-06,1.89e-06,313000000
2023-05-14 00:00:00,1.89e-06,1.89e-06,1.69e-06,1.85e-06,5457200000
2023-05-14 01:00:00,1.85e-06,1.86e-06,1.76e-06,1.79e-06,1175600000
2023-05-14 02:00:00,1.79e-06,1.83e-06,1.78e-06,1.8e-06,198600000
2023-05-14 03:00:00,1.8e-06,1.87e-06,1.8e-06,1.87e-06,1261600000
2023-05-14 04:00:00,1.87e-06,1.88e-06,1.84e-06,1.87e-06,2476500000
2023-05-14 05:00:00,1.87e-06,1.93e-06,1.86e-06,1.88e-06,604700000
2023-05-14 06:00:00,1.88e-06,1.92e-06,1.87e-06,1.91e-06,5528000000
2023-05-14 07:00:00,1.91e-06,1.95e-06,1.88e-06,1.92e-06,7593300000
2023-05-14 08:00:00,1.92e-06,1.94e-06,1.91e-06,1.93e-06,495600000
2023-05-14 09:00:00,1.93e-06,1.94e-06,1.86e-06,1.87e-06,4455600000
2023-05-14 10:00:00,1.87e-06,1.88e-06,1.81e-06,1.83e-06,502200000
2023-05-14 11:00:00,1.83e-06,1.84e-06,1.82e-06,1.82e-06,144300000
2023-05-14 12:00:00,1.82e-06,1.83e-06,1.75e-06,1.81e-06,4991300000
2023-05-14 13:00:00,1.81e-06,1.83e-06,1.77e-06,1.82e-06,646000000
2023-05-14 14:00:00,1.82e-06,1.82e-06,1.78e-06,1.79e-06,2411700000
2023-05-14 15:00:00,1.79e-06,1.86e-06,1.79e-06,1.83e-06,238800000
2023-05-14 16:00:00,1.83e-06,1.85e-06,1.78e-06,1.83e-06,164700000
2023-05-14 17:00:00,1.83e-06,1.9e-06,1.8e-06,1.9e-06,6599600000
2023-05-14 18:00:00,1.9e-06,1.9e-06,1.84e-06,1.85e-06,2702800000
2023-05-14 19:00:00,1.85e-06,1.85e-06,1.8e-06,1.83e-06,2996100000
2023-05-14 20:00:00,1.83e-06,1.84e-06,1.8e-06,1.84e-06,1430800000
2023-05-14 21:00:00,1.84e-06,1.84e-06,1.78e-06,1.8e-06,2209500000
2023-05-14 22:00:00,1.8e-06,1.81e-06,1.78e-06,1.8e-06,216600000
2023-05-14 23:00:00,1.8e-06,1.81e-06,1.78e-06,1.78e-06,764400000
2023-05-15 00:00:00,1.78e-06,1.78e-06,1.62e-06,1.64e-06,3982700000
2023-05-15 01:00:00,1.64e-06,1.72e-06,1.61e-06,1.69e-06,1366600000
2023-05-15 02:00:00,1.69e-06,1.7e-06,1.68e-06,1.7e-06,2401700000
2023-05-15 03:00:00,1.7e-06,1.76e-06,1.7e-06,1.74e-06,686600000
2023-05-15 04:00:00,1.74e-06,1.75e-06,1.71e-06,1.73e-06,1270800000
2023-05-15 05:00:00,1.73e-06,1.8e-06,1.55e-06,1.72e-06,5025300000
2023-05-15 06:00:00,1.72e-06,1.76e-06,1.71e-06,1.74e-06,222000000
2023-05-15 07:00:00,1.74e-06,1.75e-06,1.72e-06,1.73e-06,188400000
2023-05-15 08:00:00,1.73e-06,1.74e-06,1.71e-06,1.74e-06,766400000
2023-05-15 09:00:00,1.74e-06,1.74e-06,1.69e-06,1.7e-06,213000000
2023-05-15 10:00:00,1.7e-06,1.71e-06,1.7e-06,1.71e-06,48000000
2023-05-15 11:00:00,1.71e-06,1.71e-06,1.62e-06,1.67e-06,1431700000
2023-05-15 12:00:00,1.67e-06,1.69e-06,1.66e-06,1.67e-06,383300000
2023-05-15 13:00:00,1.67e-06,1.68e-06,1.65e-06,1.66e-06,2101200000
2023-05-15 14:00:00,1.66e-06,1.67e-06,1.61e-06,1.66e-06,1304500000
2023-05-15 15:00:00,1.66e-06,1.66e-06,1.64e-06,1.64e-06,49700000
2023-05-15 16:00:00,1.64e-06,1.72e-06,1.64e-06,1.7e-06,212700000
2023-05-15 17:00:00,1.7e-06,1.71e-06,1.69e-06,1.7e-06,730200000
2023-05-15 18:00:00,1.7e-06,1.7e-06,1.67e-06,1.69e-06,1650000000
2023-05-15 19:00:00,1.69e-06,1.69e-06,1.65e-06,1.67e-06,194000000
2023-05-15 20:00:00,1.67e-06,1.67e-06,1.65e-06,1.66e-06,756800000
2023-05-15 21:00:00,1.66e-06,1.69e-06,1.66e-06,1.68e-06,739700000
2023-05-15 22:00:00,1.68e-06,1.75e-06,1.68e-06,1.73e-06,964600000
2023-05-15 23:00:00,1.73e-06,1.76e-06,1.73e-06,1.73e-06,349600000
2023-05-16 00:00:00,1.73e-06,1.81e-06,1.73e-06,1.8e-06,2164000000
2023-05-16 01:00:00,1.8e-06,1.8e-06,1.75e-06,1.77e-06,493800000
2023-05-16 02:00:00,1.77e-06,1.77e-06,1.72e-06,1.74e-06,271900000
2023-05-16 03:00:00,1.74e-06,1.74e-06,1.72e-06,1.73e-06,1468000000
2023-05-16 04:00:00,1.73e-06,1.73e-06,1.69e-06,1.71e-06,891800000
2023-05-16 05:00:00,1.71e-06,1.71e-06,1.67e-06,1.71e-06,1583700000
2023-05-16 06:00:00,1.71e-06,1.71e-06,1.67e-06,1.68e-06,298600000
2023-05-16 07:00:00,1.68e-06,1.69e-06,1.68e-06,1.69e-06,619200000
2023-05-16 08:00:00,1.69e-06,1.71e-06,1.69e-06,1.69e-06,113200000
2023-05-16 09:00:00,1.69e-06,1.69e-06,1.67e-06,1.67e-06,111600000
2023-05-16 10:00:00,1.67e-06,1.68e-06,1.65e-06,1.65e-06,476400000
2023-05-16 11:00:00,1.65e-06,1.69e-06,1.65e-06,1.68e-06,361600000
2023-05-16 12:00:00,1.68e-06,1.69e-06,1.66e-06,1.69e-06,47200000
2023-05-16 13:00:00,1.69e-06,1.69e-06,1.67e-06,1.67e-06,134900000
2023-05-16 14:00:00,1.67e-06,1.68e-06,1.65e-06,1.67e-06,989100000
2023-05-16 15:00:00,1.67e-06,1.73e-06,1.67e-06,1.73e-06,551800000
2023-05-16 16:00:00,1.73e-06,1.76e-06,1.69e-06,1.71e-06,1568900000
2023-05-16 17:00:00,1.71e-06,1.72e-06,1.68e-06,1.72e-06,3636300000
2023-05-16 18:00:00,1.72e-06,1.72e-06,1.7e-06,1.72e-06,860900000
2023-05-16 19:00:00,1.72e-06,1.72e-06,1.67e-06,1.67e-06,2243500000
2023-05-16 20:00:00,1.67e-06,1.68e-06,1.66e-06,1.67e-06,729900000
2023-05-16 21:00:00,1.67e-06,1.69e-06,1.67e-06,1.69e-06,333100000
2023-05-16 22:00:00,1.69e-06,1.7e-06,1.67e-06,1.68e-06,161300000
2023-05-16 23:00:00,1.68e-06,1.68e-06,1.66e-06,1.67e-06,1026500000
2023-05-17 00:00:00,1.67e-06,1.69e-06,1.63e-06,1.69e-06,1530400000
2023-05-17 01:00:00,1.69e-06,1.69e-06,1.66e-06,1.67e-06,695800000
2023-05-17 02:00:00,1.67e-06,1.7e-06,1.66e-06,1.67e-06,535100000
2023-05-17 03:00:00,1.67e-06,1.67e-06,1.66e-06,1.67e-06,1068100000
2023-05-17 04:00:00,1.67e-06,1.69e-06,1.67e-06,1.67e-06,1779500000
2023-05-17 05:00:00,1.67e-06,1.67e-06,1.65e-06,1.66e-06,368000000
2023-05-17 06:00:00,1.66e-06,1.66e-06,1.64e-06,1.65e-06,219000000
2023-05-17 07:00:00,1.65e-06,1.66e-06,1.57e-06,1.58e-06,830600000
2023-05-17 08:00:00,1.58e-06,1.59e-06,1.53e-06,1.59e-06,2322600000
2023-05-17 09:00:00,1.59e-06,1.59e-06,1.55e-06,1.57e-06,6722700000
2023-05-17 10:00:00,1.57e-06,1.58e-06,1.54e-06,1.55e-06,169900000
2023-05-17 11:00:00,1.55e-06,1.55e-06,1.51e-06,1.53e-06,1398000000
2023-05-17 12:00:00,1.53e-06,1.55e-06,1.52e-06,1.52e-06,1888300000
2023-05-17 13:00:00,1.52e-06,1.54e-06,1.52e-06,1.52e-06,535800000
2023-05-17 14:00:00,1.52e-06,1.53e-06,1.47e-06,1.52e-06,3410300000
2023-05-17 15:00:00,1.52e-06,1.53e-06,1.51e-06,1.52e-06,878100000
2023-05-17 16:00:00,1.52e-06,1.54e-06,1.5e-06,1.51e-06,4572500000
2023-05-17 17:00:00,1.51e-06,1.54e-06,1.49e-06,1.54e-06,889800000
2023-05-17 18:00:00,1.54e-06,1.59e-06,1.54e-06,1.56e-06,1877000000
2023-05-17 19:00:00,1.56e-06,1.59e-06,1.56e-06,1.58e-06,333500000
2023-05-17 20:00:00,1.58e-06,1.64e-06,1.58e-06,1.63e-06,4991300000
2023-05-17 21:00:00,1.63e-06,1.63e-06,1.6e-06,1.6e-06,774700000
2023-05-17 22:00:00,1.6e-06,1.6e-06,1.56e-06,1.59e-06,4664300000
2023-05-17 23:00:00,1.59e-06,1.59e-06,1.57e-06,1.57e-06,1574300000
2023-05-18 00:00:00,1.57e-06,1.59e-06,1.56e-06,1.57e-06,1180600000
2023-05-18 01:00:00,1.57e-06,1.59e-06,1.56e-06,1.56e-06,936300000
2023-05-18 02:00:00,1.56e-06,1.57e-06,1.53e-06,1.57e-06,135600000
2023-05-18 03:00:00,1.57e-06,1.58e-06,1.56e-06,1.58e-06,75100000
2023-05-18 04:00:00,1.58e-06,1.58e-06,1.56e-06,1.56e-06,79800000
2023-05-18 05:00:00,1.56e-06,1.57e-06,1.55e-06,1.56e-06,28100000
2023-05-18 06:00:00,1.56e-06,1.57e-06,1.52e-06,1.53e-06,808000000
2023-05-18 07:00:00,1.53e-06,1.59e-06,1.51e-06,1.57e-06,1814800000
2023-05-18 08:00:00,1.57e-06,1.58e-06,1.57e-06,1.58e-06,224300000
2023-05-18 09:00:00,1.58e-06,1.61e-06,1.57e-06,1.6e-06,7867700000
2023-05-18 10:00:00,1.6e-06,1.62e-06,1.59e-06,1.59e-06,969900000
2023-05-18 11:00:00,1.59e-06,1.63e-06,1.58e-06,1.63e-06,3824800000
2023-05-18 12:00:00,1.63e-06,1.64e-06,1.6e-06,1.6e-06,895000000
2023-05-18 13:00:00,1.6e-06,1.6e-06,1.58e-06,1.59e-06,734300000
2023-05-18 14:00:00,1.59e-06,1.59e-06,1.54e-06,1.58e-06,1078300000
2023-05-18 15:00:00,1.58e-06,1.58e-06,1.56e-06,1.56e-06,1218400000
2023-05-18 16:00:00,1.56e-06,1.58e-06,1.56e-06,1.56e-06,228100000
2023-05-18 17:00:00,1.56e-06,1.56e-06,1.52e-06,1.52e-06,421500000
2023-05-18 18:00:00,1.52e-06,1.54e-06,1.51e-06,1.52e-06,90300000
2023-05-18 19:00:00,1.52e-06,1.59e-06,1.51e-06,1.57e-06,2471700000
2023-05-18 20:00:00,1.57e-06,1.59e-06,1.57e-06,1.58e-06,112400000
2023-05-18 21:00:00,1.58e-06,1.61e-06,1.57e-06,1.59e-06,866500000
2023-05-18 22:00:00,1.59e-06,1.6e-06,1.58e-06,1.59e-06,487100000
2023-05-18 23:00:00,1.59e-06,1.6e-06,1.58e-06,1.58e-06,509600000
2023-05-19 00:00:00,1.58e-06,1.58e-06,1.55e-06,1.55e-06,602600000
2023-05-19 01:00:00,1.55e-06,1.56e-06,1.54e-06,1.54e-06,22200000
2023-05-19 02:00:00,1.54e-06,1.54e-06,1.53e-06,1.54e-06,18100000
2023-05-19 03:00:00,1.54e-06,1.55e-06,1.53e-06,1.54e-06,14400000
2023-05-19 04:00:00,1.54e-06,1.55e-06,1.53e-06,1.55e-06,125100000
2023-05-19 05:00:00,1.55e-06,1.55e-06,1.52e-06,1.53e-06,102900000
2023-05-19 06:00:00,1.53e-06,1.54e-06,1.53e-06,1.53e-06,17500000
2023-05-19 07:00:00,1.53e-06,1.54e-06,1.51e-06,1.52e-06,654700000
2023-05-19 08:00:00,1.52e-06,1.54e-06,1.51e-06,1.52e-06,30100000
2023-05-19 09:00:00,1.52e-06,1.53e-06,1.51e-06,1.52e-06,203300000
2023-05-19 10:00:00,1.52e-06,1.52e-06,1.51e-06,1.51e-06,614400000
2023-05-19 11:00:00,1.51e-06,1.54e-06,1.51e-06,1.53e-06,924500000
2023-05-19 12:00:00,1.53e-06,1.54e-06,1.52e-06,1.53e-06,158700000
2023-05-19 13:00:00,1.53e-06,1.54e-06,1.49e-06,1.49e-06,216300000
2023-05-19 14:00:00,1.49e-06,1.51e-06,1.49e-06,1.5e-06,2575800000
2023-05-19 15:00:00,1.5e-06,1.53e-06,1.49e-06,1.51e-06,1220200000
2023-05-19 16:00:00,1.51e-06,1.53e-06,1.5e-06,1.5e-06,25800000
2023-05-19 17:00:00,1.5e-06,1.53e-06,1.5e-06,1.52e-06,54400000
2023-05-19 18:00:00,1.52e-06,1.53e-06,1.51e-06,1.53e-06,523000000
2023-05-19 19:00:00,1.53e-06,1.53e-06,1.5e-06,1.51e-06,640600000
2023-05-19 20:00:00,1.51e-06,1.52e-06,1.51e-06,1.52e-06,747800000
2023-05-19 21:00:00,1.52e-06,1.53e-06,1.52e-06,1.52e-06,1823500000
2023-05-19 22:00:00,1.52e-06,1.53e-06,1.51e-06,1.53e-06,15500000
2023-05-19 23:00:00,1.53e-06,1.55e-06,1.53e-06,1.54e-06,701800000
2023-05-20 00:00:00,1.54e-06,1.54e-06,1.51e-06,1.51e-06,266500000
2023-05-20 01:00:00,1.51e-06,1.51e-06,1.51e-06,1.51e-06,41100000
2023-05-20 02:00:00,1.51e-06,1.52e-06,1.5e-06,1.51e-06,121900000
2023-05-20 03:00:00,1.51e-06,1.52e-06,1.51e-06,1.51e-06,13300000
2023-05-20 04:00:00,1.51e-06,1.52e-06,1.51e-06,1.52e-06,129200000
2023-05-20 05:00:00,1.52e-06,1.52e-06,1.51e-06,1.51e-06,15400000
2023-05-20 06:00:00,1.51e-06,1.52e-06,1.51e-06,1.52e-06,1117800000
2023-05-20 07:00:00,1.52e-06,1.53e-06,1.51e-06,1.53e-06,1399700000
2023-05-20 08:00:00,1.53e-06,1.58e-06,1.52e-06,1.58e-06,3292400000
2023-05-20 09:00:00,1.58e-06,1.61e-06,1.57e-06,1.6e-06,1783300000
2023-05-20 10:00:00,1.6e-06,1.61e-06,1.6e-06,1.6e-06,3742100000
2023-05-20 11:00:00,1.6e-06,1.6e-06,1.57e-06,1.59e-06,550700000
2023-05-20 12:00:00,1.59e-06,1.6e-06,1.58e-06,1.58e-06,551100000
2023-05-20 13:00:00,1.58e-06,1.58e-06,1.56e-06,1.57e-06,826100000
2023-05-20 14:00:00,1.57e-06,1.58e-06,1.56e-06,1.58e-06,2233900000
2023-05-20 15:00:00,1.58e-06,1.58e-06,1.57e-06,1.58e-06,447000000
2023-05-20 16:00:00,1.58e-06,1.61e-06,1.57e-06,1.61e-06,1260900000
2023-05-20 17:00:00,1.61e-06,1.9e-06,1.61e-06,1.85e-06,14983400000
2023-05-20 18:00:00,1.85e-06,1.86e-06,1.79e-06,1.83e-06,4712200000
2023-05-20 19:00:00,1.83e-06,1.84e-06,1.68e-06,1.76e-06,5134100000
2023-05-20 20:00:00,1.76e-06,1.8e-06,1.74e-06,1.79e-06,4113100000
2023-05-20 21:00:00,1.79e-06,1.79e-06,1.75e-06,1.77e-06,1927100000
2023-05-20 22:00:00,1.77e-06,1.77e-06,1.69e-06,1.71e-06,2210500000
2023-05-20 23:00:00,1.71e-06,1.73e-06,1.7e-06,1.71e-06,2136600000
2023-05-21 00:00:00,1.71e-06,1.75e-06,1.7e-06,1.74e-06,510200000
2023-05-21 01:00:00,1.74e-06,1.74e-06,1.72e-06,1.72e-06,132300000
2023-05-21 02:00:00,1.72e-06,1.72e-06,1.67e-06,1.68e-06,671400000
2023-05-21 03:00:00,1.68e-06,1.71e-06,1.68e-06,1.7e-06,152200000
2023-05-21 04:00:00,1.7e-06,1.71e-06,1.68e-06,1.71e-06,662500000
2023-05-21 05:00:00,1.71e-06,1.73e-06,1.7e-06,1.72e-06,49700000
2023-05-21 06:00:00,1.72e-06,1.72e-06,1.69e-06,1.7e-06,139500000
2023-05-21 07:00:00,1.7e-06,1.72e-06,1.7e-06,1.72e-06,351600000
2023-05-21 08:00:00,1.72e-06,1.72e-06,1.69e-06,1.7e-06,1272800000
2023-05-21 09:00:00,1.7e-06,1.71e-06,1.68e-06,1.7e-06,571700000
2023-05-21 10:00:00,1.7e-06,1.71e-06,1.69e-06,1.69e-06,197800000
2023-05-21 11:00:00,1.69e-06,1.71e-06,1.68e-06,1.7e-06,1404200000
2023-05-21 12:00:00,1.7e-06,1.72e-06,1.69e-06,1.71e-06,300600000
2023-05-21 13:00:00,1.71e-06,1.73e-06,1.7e-06,1.72e-06,1657400000
2023-05-21 14:00:00,1.72e-06,1.75e-06,1.63e-06,1.64e-06,2440700000
2023-05-21 15:00:00,1.64e-06,1.67e-06,1.61e-06,1.63e-06,4343500000
2023-05-21 16:00:00,1.63e-06,1.64e-06,1.61e-06,1.63e-06,1578100000
2023-05-21 17:00:00,1.63e-06,1.64e-06,1.57e-06,1.6e-06,1690200000
2023-05-21 18:00:00,1.6e-06,1.61e-06,1.58e-06,1.59e-06,1994000000
2023-05-21 19:00:00,1.59e-06,1.61e-06,1.59e-06,1.61e-06,347700000
2023-05-21 20:00:00,1.61e-06,1.62e-06,1.6e-06,1.6e-06,1016100000
2023-05-21 21:00:00,1.6e-06,1.61e-06,1.58e-06,1.59e-06,1294700000
2023-05-21 22:00:00,1.59e-06,1.61e-06,1.59e-06,1.6e-06,129600000
2023-05-21 23:00:00,1.6e-06,1.61e-06,1.6e-06,1.61e-06,564600000
2023-05-22 00:00:00,1.61e-06,1.61e-06,1.54e-06,1.55e-06,470900000
2023-05-22 01:00:00,1.55e-06,1.56e-06,1.54e-06,1.54e-06,51100000
2023-05-22 02:00:00,1.54e-06,1.56e-06,1.53e-06,1.54e-06,416200000
2023-05-22 03:00:00,1.54e-06,1.55e-06,1.53e-06,1.53e-06,28200000
2023-05-22 04:00:00,1.53e-06,1.56e-06,1.53e-06,1.55e-06,158900000
2023-05-22 05:00:00,1.55e-06,1.55e-06,1.54e-06,1.54e-06,28200000
2023-05-22 06:00:00,1.54e-06,1.58e-06,1.54e-06,1.56e-06,52504300000
2023-05-22 07:00:00,1.56e-06,1.57e-06,1.56e-06,1.57e-06,32800000
2023-05-22 08:00:00,1.57e-06,1.58e-06,1.56e-06,1.56e-06,4924000000
2023-05-22 09:00:00,1.56e-06,1.58e-06,1.56e-06,1.57e-06,3734900000
2023-05-22 10:00:00,1.57e-06,1.58e-06,1.57e-06,1.58e-06,4255000000
2023-05-22 11:00:00,1.58e-06,1.59e-06,1.56e-06,1.58e-06,1627000000
2023-05-22 12:00:00,1.58e-06,1.59e-06,1.57e-06,1.57e-06,1432000000
2023-05-22 13:00:00,1.57e-06,1.58e-06,1.56e-06,1.58e-06,470500000
2023-05-22 14:00:00,1.58e-06,1.58e-06,1.56e-06,1.56e-06,142600000
2023-05-22 15:00:00,1.56e-06,1.57e-06,1.52e-06,1.54e-06,1216500000
2023-05-22 16:00:00,1.54e-06,1.54e-06,1.52e-06,1.52e-06,908500000
2023-05-22 17:00:00,1.52e-06,1.54e-06,1.51e-06,1.54e-06,903500000
2023-05-22 18:00:00,1.54e-06,1.55e-06,1.53e-06,1.54e-06,21100000
2023-05-22 19:00:00,1.54e-06,1.56e-06,1.54e-06,1.55e-06,254500000
2023-05-22 20:00:00,1.55e-06,1.55e-06,1.53e-06,1.54e-06,392300000
2023-05-22 21:00:00,1.54e-06,1.55e-06,1.54e-06,1.54e-06,813800000
2023-05-22 22:00:00,1.54e-06,1.55e-06,1.53e-06,1.54e-06,668500000
2023-05-22 23:00:00,1.54e-06,1.54e-06,1.52e-06,1.53e-06,871100000
2023-05-23 00:00:00,1.53e-06,1.54e-06,1.52e-06,1.53e-06,270900000
2023-05-23 01:00:00,1.53e-06,1.58e-06,1.52e-06,1.57e-06,22551600000
2023-05-23 02:00:00,1.57e-06,1.58e-06,1.56e-06,1.58e-06,762300000
2023-05-23 03:00:00,1.58e-06,1.65e-06,1.57e-06,1.62e-06,4477400000
2023-05-23 04:00:00,1.62e-06,1.62e-06,1.59e-06,1.6e-06,296400000
2023-05-23 05:00:00,1.6e-06,1.61e-06,1.6e-06,1.6e-06,87600000
2023-05-23 06:00:00,1.6e-06,1.6e-06,1.57e-06,1.57e-06,1560700000
2023-05-23 07:00:00,1.57e-06,1.58e-06,1.56e-06,1.57e-06,277200000
2023-05-23 08:00:00,1.57e-06,1.59e-06,1.56e-06,1.58e-06,558200000
2023-05-23 09:00:00,1.58e-06,1.59e-06,1.57e-06,1.58e-06,1122300000
2023-05-23 10:00:00,1.58e-06,1.59e-06,1.57e-06,1.59e-06,1121600000
2023-05-23 11:00:00,1.59e-06,1.59e-06,1.58e-06,1.59e-06,246100000
2023-05-23 12:00:00,1.59e-06,1.62e-06,1.58e-06,1.59e-06,1278400000
2023-05-23 13:00:00,1.59e-06,1.6e-06,1.58e-06,1.58e-06,1656900000
2023-05-23 14:00:00,1.58e-06,1.6e-06,1.58e-06,1.6e-06,743500000
2023-05-23 15:00:00,1.6e-06,1.61e-06,1.6e-06,1.61e-06,335700000
2023-05-23 16:00:00,1.61e-06,1.61e-06,1.59e-06,1.6e-06,100400000
2023-05-23 17:00:00,1.6e-06,1.62e-06,1.59e-06,1.6e-06,556800000
2023-05-23 18:00:00,1.6e-06,1.61e-06,1.58e-06,1.59e-06,147900000
2023-05-23 19:00:00,1.59e-06,1.59e-06,1.58e-06,1.59e-06,636500000
2023-05-23 20:00:00,1.59e-06,1.59e-06,1.58e-06,1.59e-06,1256900000
2023-05-23 21:00:00,1.59e-06,1.6e-06,1.59e-06,1.59e-06,547300000
2023-05-23 22:00:00,1.59e-06,1.6e-06,1.59e-06,1.6e-06,202600000
2023-05-23 23:00:00,1.6e-06,1.61e-06,1.59e-06,1.59e-06,182500000
2023-05-24 00:00:00,1.59e-06,1.59e-06,1.56e-06,1.58e-06,282300000
2023-05-24 01:00:00,1.58e-06,1.58e-06,1.57e-06,1.57e-06,92100000
2023-05-24 02:00:00,1.57e-06,1.59e-06,1.57e-06,1.58e-06,565100000
2023-05-24 03:00:00,1.58e-06,1.58e-06,1.53e-06,1.54e-06,1469500000
2023-05-24 04:00:00,1.54e-06,1.55e-06,1.53e-06,1.54e-06,603700000
2023-05-24 05:00:00,1.54e-06,1.54e-06,1.53e-06,1.54e-06,796200000
2023-05-24 06:00:00,1.54e-06,1.54e-06,1.46e-06,1.46e-06,9873300000
2023-05-24 07:00:00,1.46e-06,1.49e-06,1.46e-06,1.48e-06,235800000
2023-05-24 08:00:00,1.48e-06,1.49e-06,1.47e-06,1.48e-06,894400000
2023-05-24 09:00:00,1.48e-06,1.51e-06,1.48e-06,1.49e-06,963400000
2023-05-24 10:00:00,1.49e-06,1.5e-06,1.48e-06,1.49e-06,4192500000
2023-05-24 11:00:00,1.49e-06,1.5e-06,1.48e-06,1.48e-06,1493200000
2023-05-24 12:00:00,1.48e-06,1.49e-06,1.48e-06,1.48e-06,704600000
2023-05-24 13:00:00,1.48e-06,1.48e-06,1.32e-06,1.38e-06,3924800000
2023-05-24 14:00:00,1.38e-06,1.4e-06,1.34e-06,1.38e-06,2922300000
2023-05-24 15:00:00,1.38e-06,1.4e-06,1.37e-06,1.39e-06,333200000
2023-05-24 16:00:00,1.39e-06,1.39e-06,1.37e-06,1.39e-06,430500000
2023-05-24 17:00:00,1.39e-06,1.48e-06,1.38e-06,1.46e-06,1195700000
2023-05-24 18:00:00,1.46e-06,1.46e-06,1.42e-06,1.43e-06,1819700000
2023-05-24 19:00:00,1.43e-06,1.45e-06,1.42e-06,1.43e-06,788600000
2023-05-24 20:00:00,1.43e-06,1.47e-06,1.43e-06,1.46e-06,582500000
2023-05-24 21:00:00,1.46e-06,1.46e-06,1.43e-06,1.45e-06,105000000
2023-05-24 22:00:00,1.45e-06,1.45e-06,1.43e-06,1.43e-06,46400000
2023-05-24 23:00:00,1.43e-06,1.45e-06,1.43e-06,1.43e-06,225100000
2023-05-25 00:00:00,1.43e-06,1.44e-06,1.38e-06,1.41e-06,228000000
2023-05-25 01:00:00,1.41e-06,1.42e-06,1.33e-06,1.38e-06,437300000
2023-05-25 02:00:00,1.38e-06,1.39e-06,1.36e-06,1.39e-06,134100000
2023-05-25 03:00:00,1.39e-06,1.42e-06,1.38e-06,1.41e-06,219000000
2023-05-25 04:00:00,1.41e-06,1.43e-06,1.37e-06,1.41e-06,1141000000
2023-05-25 05:00:00,1.41e-06,1.42e-06,1.41e-06,1.42e-06,205600000
2023-05-25 06:00:00,1.42e-06,1.42e-06,1.4e-06,1.4e-06,448600000
2023-05-25 07:00:00,1.4e-06,1.41e-06,1.38e-06,1.38e-06,492300000
2023-05-25 08:00:00,1.38e-06,1.41e-06,1.38e-06,1.4e-06,613800000
2023-05-25 09:00:00,1.4e-06,1.45e-06,1.4e-06,1.43e-06,890400000
2023-05-25 10:00:00,1.43e-06,1.44e-06,1.42e-06,1.43e-06,27400000
2023-05-25 11:00:00,1.43e-06,1.46e-06,1.43e-06,1.43e-06,635900000
2023-05-25 12:00:00,1.43e-06,1.46e-06,1.43e-06,1.44e-06,77700000
2023-05-25 13:00:00,1.44e-06,1.44e-06,1.41e-06,1.42e-06,673800000
2023-05-25 14:00:00,1.42e-06,1.44e-06,1.42e-06,1.42e-06,158300000
2023-05-25 15:00:00,1.42e-06,1.43e-06,1.41e-06,1.42e-06,1052600000
2023-05-25 16:00:00,1.42e-06,1.44e-06,1.41e-06,1.43e-06,771500000
2023-05-25 17:00:00,1.43e-06,1.46e-06,1.42e-06,1.44e-06,336200000
2023-05-25 18:00:00,1.44e-06,1.45e-06,1.43e-06,1.44e-06,90800000
2023-05-25 19:00:00,1.44e-06,1.46e-06,1.44e-06,1.45e-06,116000000
2023-05-25 20:00:00,1.45e-06,1.45e-06,1.43e-06,1.43e-06,676600000
2023-05-25 21:00:00,1.43e-06,1.44e-06,1.42e-06,1.42e-06,29200000
2023-05-25 22:00:00,1.42e-06,1.43e-06,1.4e-06,1.43e-06,649000000
2023-05-25 23:00:00,1.43e-06,1.43e-06,1.43e-06,1.43e-06,13500000
2023-05-26 00:00:00,1.43e-06,1.44e-06,1.4e-06,1.43e-06,938100000
2023-05-26 01:00:00,1.43e-06,1.45e-06,1.42e-06,1.44e-06,101000000
2023-05-26 02:00:00,1.44e-06,1.44e-06,1.43e-06,1.44e-06,238500000
2023-05-26 03:00:00,1.44e-06,1.44e-06,1.42e-06,1.44e-06,3106000000
2023-05-26 04:00:00,1.44e-06,1.45e-06,1.43e-06,1.44e-06,1347700000
2023-05-26 05:00:00,1.44e-06,1.44e-06,1.38e-06,1.39e-06,2377100000
2023-05-26 06:00:00,1.39e-06,1.41e-06,1.39e-06,1.4e-06,960100000
2023-05-26 07:00:00,1.4e-06,1.47e-06,1.4e-06,1.46e-06,42600000
2023-05-26 08:00:00,1.46e-06,1.46e-06,1.44e-06,1.45e-06,2077900000
2023-05-26 09:00:00,1.45e-06,1.45e-06,1.44e-06,1.45e-06,18100000
2023-05-26 10:00:00,1.45e-06,1.45e-06,1.43e-06,1.44e-06,38400000
2023-05-26 11:00:00,1.44e-06,1.44e-06,1.43e-06,1.44e-06,3309500000
2023-05-26 12:00:00,1.44e-06,1.45e-06,1.42e-06,1.43e-06,44700000
2023-05-26 13:00:00,1.43e-06,1.45e-06,1.43e-06,1.44e-06,1435900000
2023-05-26 14:00:00,1.44e-06,1.47e-06,1.44e-06,1.45e-06,472600000
2023-05-26 15:00:00,1.45e-06,1.47e-06,1.45e-06,1.45e-06,1502600000
2023-05-26 16:00:00,1.45e-06,1.49e-06,1.45e-06,1.47e-06,1285300000
2023-05-26 17:00:00,1.47e-06,1.47e-06,1.44e-06,1.45e-06,1050200000
2023-05-26 18:00:00,1.45e-06,1.46e-06,1.44e-06,1.46e-06,632800000
2023-05-26 19:00:00,1.46e-06,1.47e-06,1.46e-06,1.46e-06,831900000
2023-05-26 20:00:00,1.46e-06,1.47e-06,1.46e-06,1.47e-06,422000000
2023-05-26 21:00:00,1.47e-06,1.47e-06,1.44e-06,1.46e-06,165400000
2023-05-26 22:00:00,1.46e-06,1.46e-06,1.45e-06,1.45e-06,21100000
2023-05-26 23:00:00,1.45e-06,1.46e-06,1.44e-06,1.45e-06,743500000
2023-05-27 00:00:00,1.45e-06,1.46e-06,1.44e-06,1.45e-06,118500000
2023-05-27 01:00:00,1.45e-06,1.45e-06,1.44e-06,1.45e-06,836500000
2023-05-27 02:00:00,1.45e-06,1.46e-06,1.44e-06,1.46e-06,434500000
2023-05-27 03:00:00,1.46e-06,1.47e-06,1.45e-06,1.46e-06,1106500000
2023-05-27 04:00:00,1.46e-06,1.47e-06,1.46e-06,1.46e-06,2482300000
2023-05-27 05:00:00,1.46e-06,1.47e-06,1.46e-06,1.46e-06,81800000
2023-05-27 06:00:00,1.46e-06,1.53e-06,1.46e-06,1.52e-06,490000000
2023-05-27 07:00:00,1.52e-06,1.52e-06,1.49e-06,1.5e-06,1587900000
2023-05-27 08:00:00,1.5e-06,1.5e-06,1.49e-06,1.5e-06,189700000
2023-05-27 09:00:00,1.5e-06,1.52e-06,1.49e-06,1.51e-06,481800000
2023-05-27 10:00:00,1.51e-06,1.51e-06,1.49e-06,1.5e-06,260800000
2023-05-27 11:00:00,1.5e-06,1.51e-06,1.49e-06,1.51e-06,435400000
2023-05-27 12:00:00,1.51e-06,1.51e-06,1.5e-06,1.51e-06,562200000
2023-05-27 13:00:00,1.51e-06,1.52e-06,1.48e-06,1.49e-06,1257500000
2023-05-27 14:00:00,1.49e-06,1.5e-06,1.49e-06,1.49e-06,1302800000
2023-05-27 15:00:00,1.49e-06,1.5e-06,1.49e-06,1.49e-06,109900000
2023-05-27 16:00:00,1.49e-06,1.49e-06,1.49e-06,1.49e-06,81200000
2023-05-27 17:00:00,1.49e-06,1.5e-06,1.49e-06,1.5e-06,395400000
2023-05-27 18:00:00,1.5e-06,1.5e-06,1.5e-06,1.5e-06,62600000
2023-05-27 19:00:00,1.5e-06,1.51e-06,1.5e-06,1.5e-06,840300000
2023-05-27 20:00:00,1.5e-06,1.51e-06,1.5e-06,1.51e-06,118700000
2023-05-27 21:00:00,1.51e-06,1.51e-06,1.48e-06,1.5e-06,129700000
2023-05-27 22:00:00,1.5e-06,1.52e-06,1.5e-06,1.52e-06,65600000
2023-05-27 23:00:00,1.52e-06,1.52e-06,1.51e-06,1.51e-06,17700000
2023-05-28 00:00:00,1.51e-06,1.54e-06,1.49e-06,1.53e-06,30800000
2023-05-28 01:00:00,1.53e-06,1.54e-06,1.52e-06,1.52e-06,452300000
2023-05-28 02:00:00,1.52e-06,1.54e-06,1.51e-06,1.52e-06,450500000
2023-05-28 03:00:00,1.52e-06,1.53e-06,1.52e-06,1.53e-06,104300000
2023-05-28 04:00:00,1.53e-06,1.53e-06,1.5e-06,1.51e-06,119500000
2023-05-28 05:00:00,1.51e-06,1.52e-06,1.42e-06,1.47e-06,1097300000
2023-05-28 06:00:00,1.47e-06,1.48e-06,1.46e-06,1.47e-06,3208600000
2023-05-28 07:00:00,1.47e-06,1.47e-06,1.46e-06,1.47e-06,2121200000
2023-05-28 08:00:00,1.47e-06,1.47e-06,1.45e-06,1.46e-06,398100000
2023-05-28 09:00:00,1.46e-06,1.46e-06,1.45e-06,1.46e-06,2585900000
2023-05-28 10:00:00,1.46e-06,1.47e-06,1.45e-06,1.47e-06,1906400000
2023-05-28 11:00:00,1.47e-06,1.48e-06,1.46e-06,1.46e-06,33600000
2023-05-28 12:00:00,1.46e-06,1.48e-06,1.43e-06,1.45e-06,1164200000
2023-05-28 13:00:00,1.45e-06,1.46e-06,1.44e-06,1.46e-06,1346200000
2023-05-28 14:00:00,1.46e-06,1.46e-06,1.45e-06,1.45e-06,371100000
2023-05-28 15:00:00,1.45e-06,1.46e-06,1.45e-06,1.46e-06,434300000
2023-05-28 16:00:00,1.46e-06,1.46e-06,1.45e-06,1.46e-06,1406200000
2023-05-28 17:00:00,1.46e-06,1.47e-06,1.45e-06,1.47e-06,200900000
2023-05-28 18:00:00,1.47e-06,1.47e-06,1.45e-06,1.47e-06,93900000
2023-05-28 19:00:00,1.47e-06,1.49e-06,1.46e-06,1.46e-06,1935100000
2023-05-28 20:00:00,1.46e-06,1.47e-06,1.46e-06,1.47e-06,16500000
2023-05-28 21:00:00,1.47e-06,1.48e-06,1.46e-06,1.48e-06,1798800000
2023-05-28 22:00:00,1.48e-06,1.5e-06,1.48e-06,1.5e-06,3163300000
2023-05-28 23:00:00,1.5e-06,1.52e-06,1.5e-06,1.5e-06,198800000
2023-05-29 00:00:00,1.5e-06,1.51e-06,1.49e-06,1.5e-06,269800000
2023-05-29 01:00:00,1.5e-06,1.5e-06,1.49e-06,1.5e-06,94500000
2023-05-29 02:00:00,1.5e-06,1.5e-06,1.46e-06,1.47e-06,888200000
2023-05-29 03:00:00,1.47e-06,1.47e-06,1.46e-06,1.46e-06,728900000
2023-05-29 04:00:00,1.46e-06,1.46e-06,1.44e-06,1.45e-06,2378900000
2023-05-29 05:00:00,1.45e-06,1.46e-06,1.45e-06,1.46e-06,2735000000
2023-05-29 06:00:00,1.46e-06,1.46e-06,1.45e-06,1.46e-06,109900000
2023-05-29 07:00:00,1.46e-06,1.46e-06,1.44e-06,1.45e-06,1753000000
2023-05-29 08:00:00,1.45e-06,1.46e-06,1.45e-06,1.45e-06,3284900000
2023-05-29 09:00:00,1.45e-06,1.47e-06,1.45e-06,1.45e-06,944500000
2023-05-29 10:00:00,1.45e-06,1.46e-06,1.45e-06,1.45e-06,14700000
2023-05-29 11:00:00,1.45e-06,1.46e-06,1.45e-06,1.46e-06,289900000
2023-05-29 12:00:00,1.46e-06,1.47e-06,1.45e-06,1.46e-06,227200000
2023-05-29 13:00:00,1.46e-06,1.46e-06,1.45e-06,1.45e-06,227100000
2023-05-29 14:00:00,1.45e-06,1.46e-06,1.44e-06,1.44e-06,323500000
2023-05-29 15:00:00,1.44e-06,1.44e-06,1.42e-06,1.43e-06,3251100000
2023-05-29 16:00:00,1.43e-06,1.44e-06,1.4e-06,1.43e-06,1011000000
2023-05-29 17:00:00,1.43e-06,1.44e-06,1.43e-06,1.43e-06,462700000
2023-05-29 18:00:00,1.43e-06,1.44e-06,1.43e-06,1.44e-06,736800000
2023-05-29 19:00:00,1.44e-06,1.45e-06,1.44e-06,1.44e-06,846200000
2023-05-29 20:00:00,1.44e-06,1.44e-06,1.43e-06,1.44e-06,1625700000
2023-05-29 21:00:00,1.44e-06,1.45e-06,1.43e-06,1.44e-06,2032500000
2023-05-29 22:00:00,1.44e-06,1.44e-06,1.43e-06,1.44e-06,520900000
2023-05-29 23:00:00,1.44e-06,1.44e-06,1.43e-06,1.44e-06,117800000
2023-05-30 00:00:00,1.44e-06,1.44e-06,1.42e-06,1.43e-06,541600000
2023-05-30 01:00:00,1.43e-06,1.44e-06,1.43e-06,1.44e-06,14800000
2023-05-30 02:00:00,1.44e-06,1.44e-06,1.43e-06,1.44e-06,465800000
2023-05-30 03:00:00,1.44e-06,1.44e-06,1.43e-06,1.43e-06,785600000
2023-05-30 04:00:00,1.43e-06,1.44e-06,1.42e-06,1.43e-06,809400000
2023-05-30 05:00:00,1.43e-06,1.43e-06,1.34e-06,1.37e-06,1986700000
2023-05-30 06:00:00,1.37e-06,1.37e-06,1.36e-06,1.37e-06,319700000
2023-05-30 07:00:00,1.37e-06,1.38e-06,1.35e-06,1.36e-06,5828600000
2023-05-30 08:00:00,1.36e-06,1.37e-06,1.35e-06,1.36e-06,436600000
2023-05-30 09:00:00,1.36e-06,1.38e-06,1.36e-06,1.38e-06,1892400000
2023-05-30 10:00:00,1.38e-06,1.39e-06,1.37e-06,1.37e-06,3125800000
2023-05-30 11:00:00,1.37e-06,1.39e-06,1.37e-06,1.38e-06,1207600000
2023-05-30 12:00:00,1.38e-06,1.38e-06,1.37e-06,1.37e-06,1777000000
2023-05-30 13:00:00,1.37e-06,1.38e-06,1.36e-06,1.37e-06,104500000
2023-05-30 14:00:00,1.37e-06,1.37e-06,1.35e-06,1.36e-06,402900000
2023-05-30 15:00:00,1.36e-06,1.36e-06,1.35e-06,1.36e-06,2292800000
2023-05-30 16:00:00,1.36e-06,1.37e-06,1.35e-06,1.37e-06,2760900000
2023-05-30 17:00:00,1.37e-06,1.37e-06,1.35e-06,1.36e-06,52900000
2023-05-30 18:00:00,1.36e-06,1.37e-06,1.35e-06,1.36e-06,676000000
2023-05-30 19:00:00,1.36e-06,1.36e-06,1.27e-06,1.32e-06,4157000000
2023-05-30 20:00:00,1.32e-06,1.32e-06,1.24e-06,1.28e-06,9105800000
2023-05-30 21:00:00,1.28e-06,1.3e-06,1.28e-06,1.29e-06,477300000
2023-05-30 22:00:00,1.29e-06,1.3e-06,1.28e-06,1.29e-06,1876400000
2023-05-30 23:00:00,1.29e-06,1.3e-06,1.29e-06,1.29e-06,1042900000
2023-05-31 00:00:00,1.29e-06,1.3e-06,1.28e-06,1.29e-06,3026600000
2023-05-31 01:00:00,1.29e-06,1.29e-06,1.28e-06,1.29e-06,25400000
2023-05-31 02:00:00,1.29e-06,1.29e-06,1.26e-06,1.27e-06,2018300000
2023-05-31 03:00:00,1.27e-06,1.32e-06,1.27e-06,1.3e-06,1127500000
2023-05-31 04:00:00,1.3e-06,1.31e-06,1.27e-06,1.28e-06,1629300000
2023-05-31 05:00:00,1.28e-06,1.29e-06,1.26e-06,1.27e-06,103600000
2023-05-31 06:00:00,1.27e-06,1.28e-06,1.27e-06,1.28e-06,1546400000
2023-05-31 07:00:00,1.28e-06,1.28e-06,1.26e-06,1.26e-06,2973700000
2023-05-31 08:00:00,1.26e-06,1.27e-06,1.22e-06,1.25e-06,2988200000
2023-05-31 09:00:00,1.25e-06,1.26e-06,1.24e-06,1.25e-06,202500000
2023-05-31 10:00:00,1.25e-06,1.26e-06,1.25e-06,1.25e-06,1986400000
2023-05-31 11:00:00,1.25e-06,1.26e-06,1.24e-06,1.25e-06,15800000
2023-05-31 12:00:00,1.25e-06,1.25e-06,1.23e-06,1.24e-06,467600000
2023-05-31 13:00:00,1.24e-06,1.27e-06,1.24e-06,1.24e-06,422200000
2023-05-31 14:00:00,1.24e-06,1.25e-06,1.23e-06,1.24e-06,940700000
2023-05-31 15:00:00,1.24e-06,1.24e-06,1.21e-06,1.22e-06,1317400000
2023-05-31 16:00:00,1.22e-06,1.23e-06,1.19e-06,1.2e-06,3808100000
2023-05-31 17:00:00,1.2e-06,1.24e-06,1.2e-06,1.23e-06,3804700000
2023-05-31 18:00:00,1.23e-06,1.24e-06,1.22e-06,1.22e-06,461200000
2023-05-31 19:00:00,1.22e-06,1.23e-06,1.21e-06,1.22e-06,188700000
2023-05-31 20:00:00,1.22e-06,1.24e-06,1.22e-06,1.23e-06,298000000
2023-05-31 21:00:00,1.23e-06,1.24e-06,1.22e-06,1.23e-06,1389000000
2023-05-31 22:00:00,1.23e-06,1.24e-06,1.23e-06,1.23e-06,208900000
2023-05-31 23:00:00,1.23e-06,1.27e-06,1.23e-06,1.26e-06,1625200000
2023-06-01 00:00:00,1.26e-06,1.29e-06,1.24e-06,1.25e-06,2598200000
2023-06-01 01:00:00,1.25e-06,1.26e-06,1.25e-06,1.26e-06,25500000
2023-06-01 02:00:00,1.26e-06,1.26e-06,1.22e-06,1.23e-06,3512600000
2023-06-01 03:00:00,1.23e-06,1.24e-06,1.22e-06,1.23e-06,192000000
2023-06-01 04:00:00,1.23e-06,1.23e-06,1.22e-06,1.22e-06,43200000
2023-06-01 05:00:00,1.22e-06,1.23e-06,1.22e-06,1.23e-06,288700000
2023-06-01 06:00:00,1.23e-06,1.24e-06,1.23e-06,1.24e-06,525900000
2023-06-01 07:00:00,1.24e-06,1.27e-06,1.23e-06,1.25e-06,977600000
2023-06-01 08:00:00,1.25e-06,1.25e-06,1.24e-06,1.25e-06,2674400000
2023-06-01 09:00:00,1.25e-06,1.26e-06,1.25e-06,1.25e-06,829700000
2023-06-01 10:00:00,1.25e-06,1.28e-06,1.25e-06,1.28e-06,1387600000
2023-06-01 11:00:00,1.28e-06,1.33e-06,1.28e-06,1.31e-06,1986200000
2023-06-01 12:00:00,1.31e-06,1.33e-06,1.29e-06,1.31e-06,1658600000
2023-06-01 13:00:00,1.31e-06,1.31e-06,1.28e-06,1.28e-06,1273700000
2023-06-01 14:00:00,1.28e-06,1.28e-06,1.27e-06,1.28e-06,786200000
2023-06-01 15:00:00,1.28e-06,1.29e-06,1.27e-06,1.28e-06,178400000
2023-06-01 16:00:00,1.28e-06,1.3e-06,1.27e-06,1.29e-06,1184200000
2023-06-01 17:00:00,1.29e-06,1.31e-06,1.29e-06,1.3e-06,1208000000
2023-06-01 18:00:00,1.3e-06,1.3e-06,1.29e-06,1.29e-06,988600000
2023-06-01 19:00:00,1.29e-06,1.29e-06,1.27e-06,1.28e-06,982600000
2023-06-01 20:00:00,1.28e-06,1.28e-06,1.27e-06,1.28e-06,14400000
2023-06-01 21:00:00,1.28e-06,1.28e-06,1.24e-06,1.25e-06,453400000
2023-06-01 22:00:00,1.25e-06,1.25e-06,1.24e-06,1.25e-06,58700000
2023-06-01 23:00:00,1.25e-06,1.25e-06,1.24e-06,1.24e-06,435900000
2023-06-02 00:00:00,1.24e-06,1.25e-06,1.23e-06,1.25e-06,385800000
2023-06-02 01:00:00,1.25e-06,1.25e-06,1.24e-06,1.24e-06,626600000
2023-06-02 02:00:00,1.24e-06,1.26e-06,1.24e-06,1.26e-06,1142200000
2023-06-02 03:00:00,1.26e-06,1.27e-06,1.26e-06,1.26e-06,14500000
2023-06-02 04:00:00,1.26e-06,1.28e-06,1.26e-06,1.27e-06,60500000
2023-06-02 05:00:00,1.27e-06,1.28e-06,1.27e-06,1.27e-06,205000000
2023-06-02 06:00:00,1.27e-06,1.28e-06,1.27e-06,1.27e-06,1587200000
2023-06-02 07:00:00,1.27e-06,1.27e-06,1.26e-06,1.26e-06,486100000
2023-06-02 08:00:00,1.26e-06,1.28e-06,1.26e-06,1.27e-06,151700000
2023-06-02 09:00:00,1.27e-06,1.28e-06,1.27e-06,1.27e-06,469900000
2023-06-02 10:00:00,1.27e-06,1.27e-06,1.26e-06,1.27e-06,108100000
2023-06-02 11:00:00,1.27e-06,1.28e-06,1.27e-06,1.28e-06,1699900000
2023-06-02 12:00:00,1.28e-06,1.28e-06,1.25e-06,1.26e-06,1980800000
2023-06-02 13:00:00,1.26e-06,1.27e-06,1.24e-06,1.25e-06,160000000
2023-06-02 14:00:00,1.25e-06,1.26e-06,1.25e-06,1.26e-06,216500000
2023-06-02 15:00:00,1.26e-06,1.26e-06,1.25e-06,1.26e-06,1043500000
2023-06-02 16:00:00,1.26e-06,1.26e-06,1.25e-06,1.25e-06,14600000
2023-06-02 17:00:00,1.25e-06,1.26e-06,1.24e-06,1.25e-06,283300000
2023-06-02 18:00:00,1.25e-06,1.26e-06,1.25e-06,1.25e-06,293100000
2023-06-02 19:00:00,1.25e-06,1.27e-06,1.25e-06,1.26e-06,235700000
2023-06-02 20:00:00,1.26e-06,1.26e-06,1.26e-06,1.26e-06,2149300000
2023-06-02 21:00:00,1.26e-06,1.26e-06,1.25e-06,1.26e-06,4494100000
2023-06-02 22:00:00,1.26e-06,1.3e-06,1.26e-06,1.28e-06,414000000
2023-06-02 23:00:00,1.28e-06,1.29e-06,1.27e-06,1.28e-06,129700000
2023-06-03 00:00:00,1.28e-06,1.3e-06,1.28e-06,1.29e-06,628400000
2023-06-03 01:00:00,1.29e-06,1.29e-06,1.27e-06,1.27e-06,208700000
2023-06-03 02:00:00,1.27e-06,1.28e-06,1.27e-06,1.27e-06,303500000
2023-06-03 03:00:00,1.27e-06,1.28e-06,1.27e-06,1.28e-06,14300000
2023-06-03 04:00:00,1.28e-06,1.29e-06,1.27e-06,1.28e-06,15800000
2023-06-03 05:00:00,1.28e-06,1.29e-06,1.28e-06,1.28e-06,42100000
2023-06-03 06:00:00,1.28e-06,1.3e-06,1.28e-06,1.29e-06,36200000
2023-06-03 07:00:00,1.29e-06,1.29e-06,1.28e-06,1.29e-06,13900000
2023-06-03 08:00:00,1.29e-06,1.31e-06,1.29e-06,1.3e-06,312400000
2023-06-03 09:00:00,1.3e-06,1.31e-06,1.29e-06,1.3e-06,116000000
2023-06-03 10:00:00,1.3e-06,1.34e-06,1.3e-06,1.33e-06,293000000
2023-06-03 11:00:00,1.33e-06,1.33e-06,1.32e-06,1.32e-06,115500000
2023-06-03 12:00:00,1.32e-06,1.33e-06,1.32e-06,1.32e-06,89400000
2023-06-03 13:00:00,1.32e-06,1.33e-06,1.3e-06,1.31e-06,2927700000
2023-06-03 14:00:00,1.31e-06,1.32e-06,1.31e-06,1.31e-06,1702300000
2023-06-03 15:00:00,1.31e-06,1.32e-06,1.3e-06,1.32e-06,326100000
2023-06-03 16:00:00,1.32e-06,1.32e-06,1.3e-06,1.3e-06,2040700000
2023-06-03 17:00:00,1.3e-06,1.31e-06,1.3e-06,1.3e-06,5128500000
2023-06-03 18:00:00,1.3e-06,1.31e-06,1.28e-06,1.3e-06,1420900000
2023-06-03 19:00:00,1.3e-06,1.31e-06,1.29e-06,1.3e-06,177800000
2023-06-03 20:00:00,1.3e-06,1.3e-06,1.29e-06,1.3e-06,131300000
2023-06-03 21:00:00,1.3e-06,1.3e-06,1.28e-06,1.29e-06,2011500000
2023-06-03 22:00:00,1.29e-06,1.3e-06,1.28e-06,1.3e-06,246000000
2023-06-03 23:00:00,1.3e-06,1.3e-06,1.29e-06,1.29e-06,1008100000
2023-06-04 00:00:00,1.29e-06,1.3e-06,1.26e-06,1.26e-06,1300600000
2023-06-04 01:00:00,1.26e-06,1.29e-06,1.25e-06,1.27e-06,1397600000
2023-06-04 02:00:00,1.27e-06,1.28e-06,1.27e-06,1.28e-06,576300000
2023-06-04 03:00:00,1.28e-06,1.28e-06,1.27e-06,1.27e-06,16000000
2023-06-04 04:00:00,1.27e-06,1.28e-06,1.27e-06,1.27e-06,12900000
2023-06-04 05:00:00,1.27e-06,1.27e-06,1.26e-06,1.27e-06,54800000
2023-06-04 06:00:00,1.27e-06,1.28e-06,1.26e-06,1.27e-06,13900000
2023-06-04 07:00:00,1.27e-06,1.28e-06,1.27e-06,1.28e-06,69700000
2023-06-04 08:00:00,1.28e-06,1.28e-06,1.27e-06,1.27e-06,384600000
2023-06-04 09:00:00,1.27e-06,1.29e-06,1.27e-06,1.28e-06,155100000
2023-06-04 10:00:00,1.28e-06,1.29e-06,1.28e-06,1.28e-06,253200000
2023-06-04 11:00:00,1.28e-06,1.29e-06,1.28e-06,1.28e-06,2301600000
2023-06-04 12:00:00,1.28e-06,1.29e-06,1.28e-06,1.28e-06,837800000
2023-06-04 13:00:00,1.28e-06,1.29e-06,1.28e-06,1.28e-06,1756100000
2023-06-04 14:00:00,1.28e-06,1.28e-06,1.26e-06,1.27e-06,1985500000
2023-06-04 15:00:00,1.27e-06,1.28e-06,1.25e-06,1.25e-06,464100000
2023-06-04 16:00:00,1.25e-06,1.26e-06,1.2e-06,1.24e-06,1167100000
2023-06-04 17:00:00,1.24e-06,1.26e-06,1.24e-06,1.25e-06,72500000
2023-06-04 18:00:00,1.25e-06,1.26e-06,1.24e-06,1.25e-06,873500000
2023-06-04 19:00:00,1.25e-06,1.26e-06,1.25e-06,1.25e-06,38400000
2023-06-04 20:00:00,1.25e-06,1.26e-06,1.24e-06,1.25e-06,4473500000
2023-06-04 21:00:00,1.25e-06,1.26e-06,1.24e-06,1.25e-06,930800000
2023-06-04 22:00:00,1.25e-06,1.26e-06,1.25e-06,1.25e-06,23500000
2023-06-04 23:00:00,1.25e-06,1.25e-06,1.23e-06,1.24e-06,93900000
2023-06-05 00:00:00,1.24e-06,1.24e-06,1.18e-06,1.21e-06,5557000000
2023-06-05 01:00:00,1.21e-06,1.24e-06,1.21e-06,1.23e-06,112100000
2023-06-05 02:00:00,1.23e-06,1.24e-06,1.18e-06,1.19e-06,4438800000
2023-06-05 03:00:00,1.19e-06,1.2e-06,1.19e-06,1.2e-06,3616600000
2023-06-05 04:00:00,1.2e-06,1.2e-06,1.18e-06,1.19e-06,550500000
2023-06-05 05:00:00,1.19e-06,1.2e-06,1.19e-06,1.19e-06,83800000
2023-06-05 06:00:00,1.19e-06,1.2e-06,1.19e-06,1.19e-06,157000000
2023-06-05 07:00:00,1.19e-06,1.2e-06,1.18e-06,1.2e-06,2865900000
2023-06-05 08:00:00,1.2e-06,1.2e-06,1.19e-06,1.19e-06,61400000
2023-06-05 09:00:00,1.19e-06,1.2e-06,1.18e-06,1.19e-06,1559100000
2023-06-05 10:00:00,1.19e-06,1.19e-06,1.16e-06,1.16e-06,9055200000
2023-06-05 11:00:00,1.16e-06,1.18e-06,1.16e-06,1.17e-06,1510200000
2023-06-05 12:00:00,1.17e-06,1.18e-06,1.16e-06,1.17e-06,884200000
2023-06-05 13:00:00,1.17e-06,1.17e-06,1.16e-06,1.16e-06,3450700000
2023-06-05 14:00:00,1.16e-06,1.18e-06,1.16e-06,1.17e-06,461300000
2023-06-05 15:00:00,1.17e-06,1.17e-06,1.03e-06,1.03e-06,23218900000
2023-06-05 16:00:00,1.03e-06,1.05e-06,9.6e-07,1.04e-06,13735700000
2023-06-05 17:00:00,1.04e-06,1.04e-06,1.01e-06,1.03e-06,3396900000
2023-06-05 18:00:00,1.03e-06,1.04e-06,9.9e-07,1e-06,1987600000
2023-06-05 19:00:00,1e-06,1.03e-06,9.9e-07,1.03e-06,1988500000
2023-06-05 20:00:00,1.03e-06,1.03e-06,1.02e-06,1.02e-06,49300000
2023-06-05 21:00:00,1.02e-06,1.03e-06,1e-06,1.03e-06,885700000
2023-06-05 22:00:00,1.03e-06,1.03e-06,1.03e-06,1.03e-06,107400000
2023-06-05 23:00:00,1.03e-06,1.05e-06,1.03e-06,1.04e-06,299300000
2023-06-06 00:00:00,1.04e-06,1.05e-06,1.02e-06,1.03e-06,150000000
2023-06-06 01:00:00,1.03e-06,1.03e-06,1.01e-06,1.01e-06,18700000
2023-06-06 02:00:00,1.01e-06,1.02e-06,1.01e-06,1.01e-06,115900000
2023-06-06 03:00:00,1.01e-06,1.02e-06,1.01e-06,1.02e-06,45700000
2023-06-06 04:00:00,1.02e-06,1.02e-06,1.02e-06,1.02e-06,64200000
2023-06-06 05:00:00,1.02e-06,1.03e-06,1.01e-06,1.01e-06,502600000
2023-06-06 06:00:00,1.01e-06,1.02e-06,1.01e-06,1.01e-06,292400000
2023-06-06 07:00:00,1.01e-06,1.02e-06,1.01e-06,1.01e-06,16600000
2023-06-06 08:00:00,1.01e-06,1.02e-06,1e-06,1e-06,1053800000
2023-06-06 09:00:00,1e-06,1.01e-06,1e-06,1.01e-06,699700000
2023-06-06 10:00:00,1.01e-06,1.02e-06,1.01e-06,1.02e-06,311000000
2023-06-06 11:00:00,1.02e-06,1.03e-06,1.02e-06,1.02e-06,435100000
2023-06-06 12:00:00,1.02e-06,1.02e-06,9.9e-07,1e-06,1780200000
2023-06-06 13:00:00,1e-06,1.01e-06,9.7e-07,1.01e-06,6555400000
2023-06-06 14:00:00,1.01e-06,1.18e-06,1.01e-06,1.18e-06,6421800000
2023-06-06 15:00:00,1.18e-06,1.2e-06,1.12e-06,1.2e-06,7234700000
2023-06-06 16:00:00,1.2e-06,1.21e-06,1.16e-06,1.18e-06,4175300000
2023-06-06 17:00:00,1.18e-06,1.19e-06,1.16e-06,1.18e-06,1044000000
2023-06-06 18:00:00,1.18e-06,1.19e-06,1.17e-06,1.18e-06,1132400000
2023-06-06 19:00:00,1.18e-06,1.26e-06,1.17e-06,1.24e-06,591100000
2023-06-06 20:00:00,1.24e-06,1.25e-06,1.18e-06,1.19e-06,2205900000
2023-06-06 21:00:00,1.19e-06,1.21e-06,1.18e-06,1.2e-06,644000000
2023-06-06 22:00:00,1.2e-06,1.2e-06,1.2e-06,1.2e-06,29800000
2023-06-06 23:00:00,1.2e-06,1.22e-06,1.19e-06,1.2e-06,1788300000
2023-06-07 00:00:00,1.2e-06,1.22e-06,1.19e-06,1.2e-06,449600000
2023-06-07 01:00:00,1.2e-06,1.2e-06,1.14e-06,1.16e-06,479700000
2023-06-07 02:00:00,1.16e-06,1.16e-06,1.15e-06,1.16e-06,35100000
2023-06-07 03:00:00,1.16e-06,1.16e-06,1.13e-06,1.14e-06,467400000
2023-06-07 04:00:00,1.14e-06,1.16e-06,1.14e-06,1.16e-06,121900000
2023-06-07 05:00:00,1.16e-06,1.18e-06,1.16e-06,1.17e-06,144800000
2023-06-07 06:00:00,1.17e-06,1.17e-06,1.16e-06,1.16e-06,23100000
2023-06-07 07:00:00,1.16e-06,1.16e-06,1.14e-06,1.15e-06,363900000
2023-06-07 08:00:00,1.15e-06,1.16e-06,1.14e-06,1.14e-06,42800000
2023-06-07 09:00:00,1.14e-06,1.14e-06,1.11e-06,1.12e-06,99500000
2023-06-07 10:00:00,1.12e-06,1.13e-06,1.1e-06,1.13e-06,1048500000
2023-06-07 11:00:00,1.13e-06,1.15e-06,1.12e-06,1.14e-06,1268900000
2023-06-07 12:00:00,1.14e-06,1.15e-06,1.14e-06,1.15e-06,1168300000
2023-06-07 13:00:00,1.15e-06,1.15e-06,1.12e-06,1.14e-06,73800000
2023-06-07 14:00:00,1.14e-06,1.14e-06,1.07e-06,1.08e-06,2772700000
2023-06-07 15:00:00,1.08e-06,1.11e-06,1.07e-06,1.08e-06,2822400000
2023-06-07 16:00:00,1.08e-06,1.1e-06,1.07e-06,1.09e-06,194300000
2023-06-07 17:00:00,1.09e-06,1.1e-06,1.08e-06,1.1e-06,2282200000
2023-06-07 18:00:00,1.1e-06,1.1e-06,1.09e-06,1.1e-06,230300000
2023-06-07 19:00:00,1.1e-06,1.1e-06,1.08e-06,1.09e-06,1405800000
2023-06-07 20:00:00,1.09e-06,1.09e-06,1.07e-06,1.08e-06,388400000
2023-06-07 21:00:00,1.08e-06,1.09e-06,1.04e-06,1.05e-06,4364800000
2023-06-07 22:00:00,1.05e-06,1.07e-06,1.05e-06,1.06e-06,1839800000
2023-06-07 23:00:00,1.06e-06,1.08e-06,1.06e-06,1.08e-06,581500000
2023-06-08 00:00:00,1.08e-06,1.08e-06,1.06e-06,1.08e-06,1510000000
2023-06-08 01:00:00,1.08e-06,1.08e-06,1.07e-06,1.08e-06,497300000
2023-06-08 02:00:00,1.08e-06,1.08e-06,1.05e-06,1.06e-06,2509900000
2023-06-08 03:00:00,1.06e-06,1.06e-06,1.03e-06,1.05e-06,3483900000
2023-06-08 04:00:00,1.05e-06,1.07e-06,1.04e-06,1.06e-06,89900000
2023-06-08 05:00:00,1.06e-06,1.06e-06,1.05e-06,1.05e-06,32300000
2023-06-08 06:00:00,1.05e-06,1.07e-06,1.04e-06,1.06e-06,495100000
2023-06-08 07:00:00,1.06e-06,1.09e-06,1.06e-06,1.09e-06,828700000
2023-06-08 08:00:00,1.09e-06,1.1e-06,1.08e-06,1.09e-06,440700000
2023-06-08 09:00:00,1.09e-06,1.1e-06,1.08e-06,1.09e-06,1658600000
2023-06-08 10:00:00,1.09e-06,1.1e-06,1.09e-06,1.1e-06,169100000
2023-06-08 11:00:00,1.1e-06,1.1e-06,1.08e-06,1.09e-06,401800000
2023-06-08 12:00:00,1.09e-06,1.13e-06,1.09e-06,1.12e-06,250800000
2023-06-08 13:00:00,1.12e-06,1.12e-06,1.09e-06,1.11e-06,764800000
2023-06-08 14:00:00,1.11e-06,1.12e-06,1.1e-06,1.12e-06,290600000
2023-06-08 15:00:00,1.12e-06,1.12e-06,1.1e-06,1.11e-06,1473200000
2023-06-08 16:00:00,1.11e-06,1.12e-06,1.07e-06,1.09e-06,952400000
2023-06-08 17:00:00,1.09e-06,1.09e-06,1.08e-06,1.08e-06,558700000
2023-06-08 18:00:00,1.08e-06,1.09e-06,1.08e-06,1.09e-06,495600000
2023-06-08 19:00:00,1.09e-06,1.09e-06,1.08e-06,1.09e-06,193900000
2023-06-08 20:00:00,1.09e-06,1.1e-06,1.09e-06,1.1e-06,1041100000
2023-06-08 21:00:00,1.1e-06,1.1e-06,1.09e-06,1.09e-06,790000000
2023-06-08 22:00:00,1.09e-06,1.1e-06,1.09e-06,1.1e-06,46300000
2023-06-08 23:00:00,1.1e-06,1.1e-06,1.08e-06,1.09e-06,207300000
2023-06-09 00:00:00,1.09e-06,1.09e-06,1.07e-06,1.08e-06,819500000
2023-06-09 01:00:00,1.08e-06,1.1e-06,1.07e-06,1.08e-06,824200000
2023-06-09 02:00:00,1.08e-06,1.09e-06,1.06e-06,1.07e-06,759300000
2023-06-09 03:00:00,1.07e-06,1.08e-06,1.07e-06,1.08e-06,371900000
2023-06-09 04:00:00,1.08e-06,1.09e-06,1.07e-06,1.09e-06,127300000
2023-06-09 05:00:00,1.09e-06,1.09e-06,1.08e-06,1.09e-06,975000000
2023-06-09 06:00:00,1.09e-06,1.09e-06,1.09e-06,1.09e-06,61600000
2023-06-09 07:00:00,1.09e-06,1.09e-06,1.08e-06,1.09e-06,70500000
2023-06-09 08:00:00,1.09e-06,1.13e-06,1.09e-06,1.12e-06,499000000
2023-06-09 09:00:00,1.12e-06,1.13e-06,1.11e-06,1.12e-06,23100000
2023-06-09 10:00:00,1.12e-06,1.18e-06,1.12e-06,1.17e-06,952300000
2023-06-09 11:00:00,1.17e-06,1.19e-06,1.16e-06,1.17e-06,34800000
2023-06-09 12:00:00,1.17e-06,1.19e-06,1.17e-06,1.19e-06,2382800000
2023-06-09 13:00:00,1.19e-06,1.2e-06,1.15e-06,1.17e-06,3104700000
2023-06-09 14:00:00,1.17e-06,1.18e-06,1.15e-06,1.16e-06,1018200000
2023-06-09 15:00:00,1.16e-06,1.17e-06,1.15e-06,1.15e-06,12441300000
2023-06-09 16:00:00,1.15e-06,1.17e-06,1.15e-06,1.16e-06,581400000
2023-06-09 17:00:00,1.16e-06,1.16e-06,1.15e-06,1.16e-06,13600000
2023-06-09 18:00:00,1.16e-06,1.16e-06,1.15e-06,1.15e-06,25600000
2023-06-09 19:00:00,1.15e-06,1.15e-06,1.13e-06,1.14e-06,380900000
2023-06-09 20:00:00,1.14e-06,1.15e-06,1.13e-06,1.14e-06,1102100000
2023-06-09 21:00:00,1.14e-06,1.15e-06,1.14e-06,1.15e-06,16700000
2023-06-09 22:00:00,1.15e-06,1.15e-06,1.13e-06,1.13e-06,76800000
2023-06-09 23:00:00,1.13e-06,1.14e-06,1.13e-06,1.14e-06,1549900000
2023-06-10 00:00:00,1.14e-06,1.14e-06,1.12e-06,1.13e-06,140200000
2023-06-10 01:00:00,1.13e-06,1.13e-06,1.08e-06,1.09e-06,1974600000
2023-06-10 02:00:00,1.09e-06,1.1e-06,1.05e-06,1.05e-06,3277200000
2023-06-10 03:00:00,1.05e-06,1.07e-06,1.04e-06,1.05e-06,108600000
2023-06-10 04:00:00,1.05e-06,1.07e-06,8.6e-07,9.3e-07,8990500000
2023-06-10 05:00:00,9.3e-07,9.5e-07,9.1e-07,9.1e-07,1055100000
2023-06-10 06:00:00,9.1e-07,9.4e-07,9.1e-07,9.3e-07,6177600000
2023-06-10 07:00:00,9.3e-07,9.4e-07,9.2e-07,9.3e-07,1413900000
2023-06-10 08:00:00,9.3e-07,9.6e-07,9.2e-07,9.5e-07,3198800000
2023-06-10 09:00:00,9.5e-07,9.5e-07,9.3e-07,9.5e-07,27500000
2023-06-10 10:00:00,9.5e-07,9.6e-07,9.4e-07,9.4e-07,45900000
2023-06-10 11:00:00,9.4e-07,9.5e-07,9.2e-07,9.2e-07,553400000
2023-06-10 12:00:00,9.2e-07,9.3e-07,8.9e-07,8.9e-07,406200000
2023-06-10 13:00:00,8.9e-07,9.1e-07,8.6e-07,9e-07,1292600000
2023-06-10 14:00:00,9e-07,9.2e-07,8.9e-07,9.1e-07,1687300000
2023-06-10 15:00:00,9.1e-07,9.1e-07,8.8e-07,8.9e-07,250600000
2023-06-10 16:00:00,8.9e-07,9.3e-07,8.9e-07,9e-07,178500000
2023-06-10 17:00:00,9e-07,9.8e-07,8.9e-07,9.4e-07,1106800000
2023-06-10 18:00:00,9.4e-07,9.4e-07,8.9e-07,9e-07,422900000
2023-06-10 19:00:00,9e-07,9.2e-07,8.9e-07,9.1e-07,13800000
2023-06-10 20:00:00,9.1e-07,9.2e-07,8.9e-07,9.2e-07,14100000
2023-06-10 21:00:00,9.2e-07,9.3e-07,9e-07,9.3e-07,15000000
2023-06-10 22:00:00,9.3e-07,9.3e-07,9.2e-07,9.2e-07,24600000
2023-06-10 23:00:00,9.2e-07,9.3e-07,9.1e-07,9.2e-07,14400000
2023-06-11 00:00:00,9.2e-07,9.3e-07,9.2e-07,9.2e-07,14500000
2023-06-11 01:00:00,9.2e-07,9.3e-07,9.1e-07,9.2e-07,12900000
2023-06-11 02:00:00,9.2e-07,9.2e-07,9.1e-07,9.2e-07,230300000
2023-06-11 03:00:00,9.2e-07,9.2e-07,9e-07,9.1e-07,285000000
2023-06-11 04:00:00,9.1e-07,9.2e-07,9e-07,9.1e-07,134500000
2023-06-11 05:00:00,9.1e-07,9.3e-07,9.1e-07,9.3e-07,24000000
2023-06-11 06:00:00,9.3e-07,9.3e-07,9.2e-07,9.3e-07,131200000
2023-06-11 07:00:00,9.3e-07,9.3e-07,9.3e-07,9.3e-07,13300000
2023-06-11 08:00:00,9.3e-07,9.3e-07,9.2e-07,9.2e-07,1346900000
2023-06-11 09:00:00,9.2e-07,9.3e-07,9.2e-07,9.3e-07,13400000
2023-06-11 10:00:00,9.3e-07,9.5e-07,9.2e-07,9.5e-07,125300000
2023-06-11 11:00:00,9.5e-07,9.5e-07,9.3e-07,9.4e-07,14500000
2023-06-11 12:00:00,9.4e-07,9.4e-07,9.2e-07,9.2e-07,132300000
2023-06-11 13:00:00,9.2e-07,9.3e-07,9.1e-07,9.1e-07,799400000
2023-06-11 14:00:00,9.1e-07,9.3e-07,9.1e-07,9.1e-07,422400000
2023-06-11 15:00:00,9.1e-07,9.2e-07,9.1e-07,9.1e-07,88000000
2023-06-11 16:00:00,9.1e-07,9.3e-07,9.1e-07,9.2e-07,1438600000
2023-06-11 17:00:00,9.2e-07,9.3e-07,9.1e-07,9.2e-07,36400000
2023-06-11 18:00:00,9.2e-07,9.3e-07,9.2e-07,9.2e-07,61700000
2023-06-11 19:00:00,9.2e-07,9.4e-07,9.1e-07,9.3e-07,68300000
2023-06-11 20:00:00,9.3e-07,9.4e-07,9.3e-07,9.3e-07,35100000
2023-06-11 21:00:00,9.3e-07,9.3e-07,9.2e-07,9.2e-07,13200000
2023-06-11 22:00:00,9.2e-07,9.3e-07,8.7e-07,9e-07,1555300000
2023-06-11 23:00:00,9e-07,9.2e-07,9e-07,9.1e-07,440700000
2023-06-12 00:00:00,9.1e-07,9.1e-07,8.9e-07,9.1e-07,18800000
2023-06-12 01:00:00,9.1e-07,9.1e-07,8.9e-07,9e-07,360600000
2023-06-12 02:00:00,9e-07,9e-07,8.2e-07,8.6e-07,2053500000
2023-06-12 03:00:00,8.6e-07,8.7e-07,8.5e-07,8.6e-07,14900000
2023-06-12 04:00:00,8.6e-07,8.9e-07,8.6e-07,8.8e-07,1713000000
2023-06-12 05:00:00,8.8e-07,8.9e-07,8.7e-07,8.7e-07,1404000000
2023-06-12 06:00:00,8.7e-07,8.9e-07,8.7e-07,8.8e-07,77500000
2023-06-12 07:00:00,8.8e-07,8.9e-07,8.8e-07,8.8e-07,167200000
2023-06-12 08:00:00,8.8e-07,9.1e-07,8.8e-07,9.1e-07,85500000
2023-06-12 09:00:00,9.1e-07,9.5e-07,9.1e-07,9.4e-07,1573700000
2023-06-12 10:00:00,9.4e-07,9.4e-07,9.2e-07,9.3e-07,891600000
2023-06-12 11:00:00,9.3e-07,9.3e-07,9.2e-07,9.3e-07,24800000
2023-06-12 12:00:00,9.3e-07,9.3e-07,9e-07,9.2e-07,1632900000
2023-06-12 13:00:00,9.2e-07,9.2e-07,8.9e-07,9e-07,387400000
2023-06-12 14:00:00,9e-07,9.2e-07,9e-07,9e-07,1185000000
2023-06-12 15:00:00,9e-07,9.2e-07,9e-07,9e-07,469300000
2023-06-12 16:00:00,9e-07,9.1e-07,8.9e-07,9e-07,24200000
2023-06-12 17:00:00,9e-07,9.2e-07,9e-07,9.1e-07,2275200000
2023-06-12 18:00:00,9.1e-07,9.1e-07,9e-07,9e-07,388700000
2023-06-12 19:00:00,9e-07,9.1e-07,8.8e-07,9e-07,225600000
2023-06-12 20:00:00,9e-07,9.1e-07,8.9e-07,9.1e-07,345800000
2023-06-12 21:00:00,9.1e-07,9.1e-07,9e-07,9.1e-07,58200000
2023-06-12 22:00:00,9.1e-07,9.2e-07,9e-07,9.1e-07,1771600000
2023-06-12 23:00:00,9.1e-07,9.2e-07,9e-07,9.1e-07,91900000
2023-06-13 00:00:00,9.1e-07,9.1e-07,8.9e-07,9e-07,123100000
2023-06-13 01:00:00,9e-07,9.1e-07,8.8e-07,9e-07,1810200000
2023-06-13 02:00:00,9e-07,9.2e-07,9e-07,9.2e-07,432300000
2023-06-13 03:00:00,9.2e-07,9.3e-07,9.1e-07,9.2e-07,134700000
2023-06-13 04:00:00,9.2e-07,9.2e-07,9.1e-07,9.2e-07,128800000
2023-06-13 05:00:00,9.2e-07,9.3e-07,9.1e-07,9.2e-07,1579000000
2023-06-13 06:00:00,9.2e-07,9.2e-07,9.2e-07,9.2e-07,40500000
2023-06-13 07:00:00,9.2e-07,9.2e-07,9.2e-07,9.2e-07,14700000
2023-06-13 08:00:00,9.2e-07,9.4e-07,9.2e-07,9.3e-07,1633300000
2023-06-13 09:00:00,9.3e-07,9.4e-07,9.2e-07,9.2e-07,13300000
2023-06-13 10:00:00,9.2e-07,9.4e-07,9.2e-07,9.3e-07,108900000
2023-06-13 11:00:00,9.3e-07,9.7e-07,9.3e-07,9.6e-07,1204500000
2023-06-13 12:00:00,9.6e-07,9.8e-07,9.4e-07,9.4e-07,2081100000
2023-06-13 13:00:00,9.4e-07,9.6e-07,9.3e-07,9.3e-07,285300000
2023-06-13 14:00:00,9.3e-07,9.4e-07,9.1e-07,9.3e-07,182600000
2023-06-13 15:00:00,9.3e-07,9.3e-07,8.8e-07,9e-07,1365900000
2023-06-13 16:00:00,9e-07,9.2e-07,8.9e-07,9e-07,48200000
2023-06-13 17:00:00,9e-07,9.2e-07,9e-07,9.1e-07,640500000
2023-06-13 18:00:00,9.1e-07,9.3e-07,9.1e-07,9.2e-07,983500000
2023-06-13 19:00:00,9.2e-07,9.2e-07,9e-07,9.2e-07,692200000
2023-06-13 20:00:00,9.2e-07,9.2e-07,9e-07,9.1e-07,24300000
2023-06-13 21:00:00,9.1e-07,9.2e-07,9.1e-07,9.2e-07,318100000
2023-06-13 22:00:00,9.2e-07,9.2e-07,9e-07,9.1e-07,38100000
2023-06-13 23:00:00,9.1e-07,9.2e-07,9.1e-07,9.1e-07,13200000
2023-06-14 00:00:00,9.1e-07,9.2e-07,9.1e-07,9.2e-07,66900000
2023-06-14 01:00:00,9.2e-07,9.4e-07,9.2e-07,9.4e-07,44500000
2023-06-14 02:00:00,9.4e-07,9.4e-07,9.2e-07,9.3e-07,44800000
2023-06-14 03:00:00,9.3e-07,9.4e-07,9.2e-07,9.4e-07,297200000
2023-06-14 04:00:00,9.4e-07,9.4e-07,9.3e-07,9.3e-07,13300000
2023-06-14 05:00:00,9.3e-07,9.3e-07,9.2e-07,9.2e-07,100600000
2023-06-14 06:00:00,9.2e-07,9.3e-07,9.2e-07,9.2e-07,15800000
2023-06-14 07:00:00,9.2e-07,9.3e-07,9.1e-07,9.3e-07,4622600000
2023-06-14 08:00:00,9.3e-07,9.3e-07,9.2e-07,9.2e-07,1580800000
2023-06-14 09:00:00,9.2e-07,9.3e-07,9.2e-07,9.2e-07,2673400000
2023-06-14 10:00:00,9.2e-07,9.4e-07,8.9e-07,9.3e-07,16143900000
2023-06-14 11:00:00,9.3e-07,9.4e-07,9.2e-07,9.3e-07,45000000
2023-06-14 12:00:00,9.3e-07,9.3e-07,9.3e-07,9.3e-07,15400000
2023-06-14 13:00:00,9.3e-07,9.3e-07,9.2e-07,9.2e-07,40200000
2023-06-14 14:00:00,9.2e-07,9.3e-07,9.2e-07,9.3e-07,120600000
2023-06-14 15:00:00,9.3e-07,9.3e-07,9.2e-07,9.2e-07,253300000
2023-06-14 16:00:00,9.2e-07,9.5e-07,9.2e-07,9.3e-07,1404900000
2023-06-14 17:00:00,9.3e-07,9.4e-07,9.2e-07,9.4e-07,329500000
2023-06-14 18:00:00,9.4e-07,9.5e-07,9.2e-07,9.4e-07,436600000
2023-06-14 19:00:00,9.4e-07,9.5e-07,9.3e-07,9.3e-07,439900000
2023-06-14 20:00:00,9.3e-07,9.3e-07,8.7e-07,8.7e-07,6063700000
2023-06-14 21:00:00,8.7e-07,8.9e-07,8.6e-07,8.9e-07,25500000
2023-06-14 22:00:00,8.9e-07,8.9e-07,8.8e-07,8.9e-07,57800000
2023-06-14 23:00:00,8.9e-07,8.9e-07,8.8e-07,8.8e-07,170700000
2023-06-15 00:00:00,8.8e-07,8.9e-07,8.8e-07,8.9e-07,814300000
2023-06-15 01:00:00,8.9e-07,8.9e-07,8.8e-07,8.8e-07,2013800000
2023-06-15 02:00:00,8.8e-07,8.8e-07,8.7e-07,8.8e-07,444400000
2023-06-15 03:00:00,8.8e-07,8.9e-07,8.8e-07,8.8e-07,38500000
2023-06-15 04:00:00,8.8e-07,8.8e-07,8.7e-07,8.8e-07,24500000
2023-06-15 05:00:00,8.8e-07,8.8e-07,8.7e-07,8.7e-07,2174700000
2023-06-15 06:00:00,8.7e-07,8.7e-07,8.6e-07,8.7e-07,10752100000
2023-06-15 07:00:00,8.7e-07,8.7e-07,8.2e-07,8.4e-07,8921800000
2023-06-15 08:00:00,8.4e-07,8.5e-07,8.4e-07,8.5e-07,2830400000
2023-06-15 09:00:00,8.5e-07,8.6e-07,8.4e-07,8.5e-07,3958100000
2023-06-15 10:00:00,8.5e-07,8.5e-07,8.4e-07,8.4e-07,15600000
2023-06-15 11:00:00,8.4e-07,8.7e-07,8.4e-07,8.7e-07,1355800000
2023-06-15 12:00:00,8.7e-07,8.7e-07,8.5e-07,8.5e-07,2794900000
2023-06-15 13:00:00,8.5e-07,8.6e-07,8.5e-07,8.6e-07,4638600000
2023-06-15 14:00:00,8.6e-07,8.6e-07,8.5e-07,8.6e-07,1471500000
2023-06-15 15:00:00,8.6e-07,8.6e-07,8.6e-07,8.6e-07,579600000
2023-06-15 16:00:00,8.6e-07,8.7e-07,8.6e-07,8.6e-07,508400000
2023-06-15 17:00:00,8.6e-07,8.6e-07,8.5e-07,8.6e-07,2855000000
2023-06-15 18:00:00,8.6e-07,8.9e-07,8.6e-07,8.9e-07,987800000
2023-06-15 19:00:00,8.9e-07,8.9e-07,8.8e-07,8.9e-07,44400000
2023-06-15 20:00:00,8.9e-07,9e-07,8.9e-07,9e-07,13300000
2023-06-15 21:00:00,9e-07,9.3e-07,9e-07,9.1e-07,1774300000
2023-06-15 22:00:00,9.1e-07,9.1e-07,9e-07,9.1e-07,177300000
2023-06-15 23:00:00,9.1e-07,9.1e-07,9e-07,9e-07,317800000
2023-06-16 00:00:00,9e-07,9.1e-07,9e-07,9e-07,611600000
2023-06-16 01:00:00,9e-07,9.1e-07,9e-07,9.1e-07,575100000
2023-06-16 02:00:00,9.1e-07,9.1e-07,9e-07,9.1e-07,1348800000
2023-06-16 03:00:00,9.1e-07,9.1e-07,9e-07,9.1e-07,13500000
2023-06-16 04:00:00,9.1e-07,9.2e-07,9e-07,9.1e-07,844000000
2023-06-16 05:00:00,9.1e-07,9.3e-07,9.1e-07,9.3e-07,481200000
2023-06-16 06:00:00,9.3e-07,9.5e-07,9.3e-07,9.4e-07,457300000
2023-06-16 07:00:00,9.4e-07,9.5e-07,9.4e-07,9.4e-07,314400000
2023-06-16 08:00:00,9.4e-07,9.5e-07,9.4e-07,9.4e-07,18400000
2023-06-16 09:00:00,9.4e-07,9.5e-07,9.4e-07,9.5e-07,309500000
2023-06-16 10:00:00,9.5e-07,9.5e-07,9.3e-07,9.3e-07,984300000
2023-06-16 11:00:00,9.3e-07,9.3e-07,8.8e-07,8.9e-07,1115500000
2023-06-16 12:00:00,8.9e-07,9e-07,8.9e-07,9e-07,2965500000
2023-06-16 13:00:00,9e-07,9e-07,8.9e-07,8.9e-07,153500000
2023-06-16 14:00:00,8.9e-07,9e-07,8.8e-07,9e-07,4237300000
2023-06-16 15:00:00,9e-07,9.2e-07,9e-07,9.2e-07,902300000
2023-06-16 16:00:00,9.2e-07,9.4e-07,9.2e-07,9.3e-07,1402100000
2023-06-16 17:00:00,9.3e-07,9.8e-07,9.3e-07,9.8e-07,3316300000
2023-06-16 18:00:00,9.8e-07,1.04e-06,9.7e-07,9.9e-07,3070200000
2023-06-16 19:00:00,9.9e-07,9.9e-07,9.6e-07,9.7e-07,428300000
2023-06-16 20:00:00,9.7e-07,9.8e-07,9.6e-07,9.7e-07,5011600000
2023-06-16 21:00:00,9.7e-07,9.7e-07,9.6e-07,9.6e-07,773300000
2023-06-16 22:00:00,9.6e-07,9.7e-07,9.6e-07,9.7e-07,3485600000
2023-06-16 23:00:00,9.7e-07,9.7e-07,9.6e-07,9.7e-07,13200000
2023-06-17 00:00:00,9.7e-07,9.7e-07,9.6e-07,9.6e-07,1183600000
2023-06-17 01:00:00,9.6e-07,9.6e-07,9.5e-07,9.5e-07,672800000
2023-06-17 02:00:00,9.5e-07,9.9e-07,9.5e-07,9.8e-07,3807100000
2023-06-17 03:00:00,9.8e-07,9.8e-07,9.7e-07,9.7e-07,59600000
2023-06-17 04:00:00,9.7e-07,9.9e-07,9.7e-07,9.8e-07,1135500000
2023-06-17 05:00:00,9.8e-07,1.01e-06,9.8e-07,1e-06,3224900000
2023-06-17 06:00:00,1e-06,1e-06,9.9e-07,9.9e-07,3193200000
2023-06-17 07:00:00,9.9e-07,9.9e-07,9.7e-07,9.8e-07,2765500000
2023-06-17 08:00:00,9.8e-07,9.9e-07,9.7e-07,9.8e-07,559600000
2023-06-17 09:00:00,9.8e-07,9.9e-07,9.8e-07,9.9e-07,678300000
2023-06-17 10:00:00,9.9e-07,1e-06,9.8e-07,9.9e-07,814300000
2023-06-17 11:00:00,9.9e-07,9.9e-07,9.8e-07,9.9e-07,1089200000
2023-06-17 12:00:00,9.9e-07,1e-06,9.8e-07,1e-06,1557800000
2023-06-17 13:00:00,1e-06,1.02e-06,1e-06,1.01e-06,3642400000
2023-06-17 14:00:00,1.01e-06,1.01e-06,9.9e-07,9.9e-07,2865600000
2023-06-17 15:00:00,9.9e-07,1.01e-06,9.9e-07,1.01e-06,1398800000
2023-06-17 16:00:00,1.01e-06,1.03e-06,1e-06,1.03e-06,3216400000
2023-06-17 17:00:00,1.03e-06,1.04e-06,1e-06,1.01e-06,3392600000
2023-06-17 18:00:00,1.01e-06,1.02e-06,1e-06,1.01e-06,923900000
2023-06-17 19:00:00,1.01e-06,1.01e-06,1e-06,1e-06,1691000000
2023-06-17 20:00:00,1e-06,1.01e-06,1e-06,1.01e-06,76500000
2023-06-17 21:00:00,1.01e-06,1.01e-06,1e-06,1e-06,15700000
2023-06-17 22:00:00,1e-06,1e-06,9.9e-07,1e-06,13200000
2023-06-17 23:00:00,1e-06,1e-06,9.9e-07,1e-06,12900000
2023-06-18 00:00:00,1e-06,1e-06,9.6e-07,9.8e-07,2335800000
2023-06-18 01:00:00,9.8e-07,9.8e-07,9.7e-07,9.8e-07,17600000
2023-06-18 02:00:00,9.8e-07,9.8e-07,9.8e-07,9.8e-07,24800000
2023-06-18 03:00:00,9.8e-07,9.8e-07,9.7e-07,9.7e-07,17100000
2023-06-18 04:00:00,9.7e-07,9.9e-07,9.7e-07,9.9e-07,14000000
2023-06-18 05:00:00,9.9e-07,1e-06,9.9e-07,9.9e-07,56000000
2023-06-18 06:00:00,9.9e-07,9.9e-07,9.8e-07,9.9e-07,42900000
2023-06-18 07:00:00,9.9e-07,9.9e-07,9.9e-07,9.9e-07,17400000
2023-06-18 08:00:00,9.9e-07,9.9e-07,9.6e-07,9.8e-07,377000000
2023-06-18 09:00:00,9.8e-07,9.9e-07,9.7e-07,9.8e-07,513700000
2023-06-18 10:00:00,9.8e-07,9.9e-07,9.6e-07,9.7e-07,412600000
2023-06-18 11:00:00,9.7e-07,9.8e-07,9.7e-07,9.7e-07,13600000
2023-06-18 12:00:00,9.7e-07,9.8e-07,9.6e-07,9.6e-07,141400000
2023-06-18 13:00:00,9.6e-07,9.7e-07,9.6e-07,9.6e-07,15900000
2023-06-18 14:00:00,9.6e-07,9.7e-07,9.5e-07,9.7e-07,22700000
2023-06-18 15:00:00,9.7e-07,9.7e-07,9.6e-07,9.7e-07,59800000
2023-06-18 16:00:00,9.7e-07,9.8e-07,9.6e-07,9.8e-07,514100000
2023-06-18 17:00:00,9.8e-07,9.9e-07,9.7e-07,9.8e-07,21800000
2023-06-18 18:00:00,9.8e-07,9.8e-07,9.6e-07,9.7e-07,49200000
2023-06-18 19:00:00,9.7e-07,9.7e-07,9.6e-07,9.6e-07,23800000
2023-06-18 20:00:00,9.6e-07,9.7e-07,9.2e-07,9.4e-07,664300000
2023-06-18 21:00:00,9.4e-07,9.5e-07,9.3e-07,9.4e-07,24900000
2023-06-18 22:00:00,9.4e-07,9.4e-07,9.3e-07,9.4e-07,43200000
2023-06-18 23:00:00,9.4e-07,9.4e-07,9.3e-07,9.3e-07,319300000
2023-06-19 00:00:00,9.3e-07,9.4e-07,9.3e-07,9.3e-07,18300000
2023-06-19 01:00:00,9.3e-07,9.4e-07,9.3e-07,9.4e-07,13400000
2023-06-19 02:00:00,9.4e-07,9.4e-07,9.4e-07,9.4e-07,28100000
2023-06-19 03:00:00,9.4e-07,9.4e-07,9.4e-07,9.4e-07,40600000
2023-06-19 04:00:00,9.4e-07,9.4e-07,9.3e-07,9.3e-07,553200000
2023-06-19 05:00:00,9.3e-07,9.4e-07,9.3e-07,9.4e-07,1809400000
2023-06-19 06:00:00,9.4e-07,9.4e-07,9.4e-07,9.4e-07,404300000
2023-06-19 07:00:00,9.4e-07,9.4e-07,9.3e-07,9.3e-07,23600000
2023-06-19 08:00:00,9.3e-07,9.4e-07,9.3e-07,9.3e-07,13100000
2023-06-19 09:00:00,9.3e-07,9.3e-07,9.2e-07,9.3e-07,1575300000
2023-06-19 10:00:00,9.3e-07,9.3e-07,9.2e-07,9.2e-07,13300000
2023-06-19 11:00:00,9.2e-07,9.3e-07,9.2e-07,9.3e-07,16800000
2023-06-19 12:00:00,9.3e-07,9.4e-07,9.2e-07,9.3e-07,1091400000
2023-06-19 13:00:00,9.3e-07,9.4e-07,9.3e-07,9.3e-07,25700000
2023-06-19 14:00:00,9.3e-07,9.3e-07,9.2e-07,9.3e-07,19900000
2023-06-19 15:00:00,9.3e-07,9.3e-07,9.2e-07,9.2e-07,13700000
2023-06-19 16:00:00,9.2e-07,9.3e-07,9.2e-07,9.3e-07,20600000
2023-06-19 17:00:00,9.3e-07,9.4e-07,9.2e-07,9.4e-07,1412000000
2023-06-19 18:00:00,9.4e-07,9.6e-07,9.2e-07,9.4e-07,1916000000
2023-06-19 19:00:00,9.4e-07,9.4e-07,9.3e-07,9.4e-07,22100000
2023-06-19 20:00:00,9.4e-07,9.5e-07,9.4e-07,9.4e-07,31100000
2023-06-19 21:00:00,9.4e-07,9.5e-07,9.4e-07,9.5e-07,34400000
2023-06-19 22:00:00,9.5e-07,9.6e-07,9.4e-07,9.5e-07,34500000
2023-06-19 23:00:00,9.5e-07,9.5e-07,9.4e-07,9.5e-07,32000000
2023-06-20 00:00:00,9.5e-07,9.5e-07,9.5e-07,9.5e-07,21300000
2023-06-20 01:00:00,9.5e-07,9.6e-07,9.3e-07,9.3e-07,83600000
2023-06-20 02:00:00,9.3e-07,9.5e-07,9.3e-07,9.4e-07,21700000
2023-06-20 03:00:00,9.4e-07,9.4e-07,9.1e-07,9.3e-07,148700000
2023-06-20 04:00:00,9.3e-07,9.4e-07,9.3e-07,9.4e-07,18500000
2023-06-20 05:00:00,9.4e-07,9.4e-07,9.3e-07,9.3e-07,721300000
2023-06-20 06:00:00,9.3e-07,9.4e-07,9.3e-07,9.3e-07,17300000
2023-06-20 07:00:00,9.3e-07,9.4e-07,9.3e-07,9.4e-07,13600000
2023-06-20 08:00:00,9.4e-07,9.4e-07,9.2e-07,9.3e-07,36800000
2023-06-20 09:00:00,9.3e-07,9.3e-07,9.2e-07,9.3e-07,18500000
2023-06-20 10:00:00,9.3e-07,9.3e-07,9.2e-07,9.3e-07,14100000
2023-06-20 11:00:00,9.3e-07,9.4e-07,9.2e-07,9.4e-07,55900000
2023-06-20 12:00:00,9.4e-07,9.4e-07,9.3e-07,9.4e-07,13400000
2023-06-20 13:00:00,9.4e-07,9.4e-07,9.3e-07,9.3e-07,625200000
2023-06-20 14:00:00,9.3e-07,9.3e-07,9e-07,9.2e-07,1566200000
2023-06-20 15:00:00,9.2e-07,9.3e-07,9.1e-07,9.2e-07,33400000
2023-06-20 16:00:00,9.2e-07,9.4e-07,9.2e-07,9.4e-07,1995700000
2023-06-20 17:00:00,9.4e-07,9.7e-07,9.1e-07,9.5e-07,809700000
2023-06-20 18:00:00,9.5e-07,9.8e-07,9.5e-07,9.7e-07,209800000
2023-06-20 19:00:00,9.7e-07,9.8e-07,9.5e-07,9.7e-07,273200000
2023-06-20 20:00:00,9.7e-07,1e-06,9.6e-07,9.7e-07,109700000
2023-06-20 21:00:00,9.7e-07,9.9e-07,9.7e-07,9.7e-07,65800000
2023-06-20 22:00:00,9.7e-07,9.8e-07,9.7e-07,9.8e-07,26200000
2023-06-20 23:00:00,9.8e-07,1.08e-06,9.7e-07,1.07e-06,3924700000
2023-06-21 00:00:00,1.07e-06,1.07e-06,1.03e-06,1.05e-06,2642800000
2023-06-21 01:00:00,1.05e-06,1.08e-06,1.04e-06,1.05e-06,1425600000
2023-06-21 02:00:00,1.05e-06,1.06e-06,1.03e-06,1.06e-06,13200000
2023-06-21 03:00:00,1.06e-06,1.09e-06,1.05e-06,1.06e-06,1944900000
2023-06-21 04:00:00,1.06e-06,1.1e-06,1.06e-06,1.09e-06,1853100000
2023-06-21 05:00:00,1.09e-06,1.1e-06,1.09e-06,1.09e-06,214100000
2023-06-21 06:00:00,1.09e-06,1.1e-06,1.03e-06,1.05e-06,4207900000
2023-06-21 07:00:00,1.05e-06,1.06e-06,1.01e-06,1.04e-06,823900000
2023-06-21 08:00:00,1.04e-06,1.06e-06,1.02e-06,1.04e-06,30100000
2023-06-21 09:00:00,1.04e-06,1.07e-06,1.03e-06,1.05e-06,320600000
2023-06-21 10:00:00,1.05e-06,1.08e-06,1.03e-06,1.06e-06,1532500000
2023-06-21 11:00:00,1.06e-06,1.07e-06,1.04e-06,1.06e-06,1521700000
2023-06-21 12:00:00,1.06e-06,1.08e-06,1.04e-06,1.04e-06,284800000
2023-06-21 13:00:00,1.04e-06,1.07e-06,1.04e-06,1.06e-06,23500000
2023-06-21 14:00:00,1.06e-06,1.09e-06,1.05e-06,1.09e-06,125300000
2023-06-21 15:00:00,1.09e-06,1.24e-06,1.09e-06,1.23e-06,3662500000
2023-06-21 16:00:00,1.23e-06,1.33e-06,1.21e-06,1.29e-06,5202100000
2023-06-21 17:00:00,1.29e-06,1.4e-06,1.26e-06,1.38e-06,11924800000
2023-06-21 18:00:00,1.38e-06,1.46e-06,1.36e-06,1.4e-06,20335900000
2023-06-21 19:00:00,1.4e-06,1.46e-06,1.32e-06,1.4e-06,6769300000
2023-06-21 20:00:00,1.4e-06,1.44e-06,1.39e-06,1.39e-06,1295600000
2023-06-21 21:00:00,1.39e-06,1.4e-06,1.33e-06,1.33e-06,322500000
2023-06-21 22:00:00,1.33e-06,1.4e-06,1.33e-06,1.39e-06,2881300000
2023-06-21 23:00:00,1.39e-06,1.4e-06,1.38e-06,1.38e-06,1165200000
2023-06-22 00:00:00,1.38e-06,1.44e-06,1.37e-06,1.42e-06,1916800000
2023-06-22 01:00:00,1.42e-06,1.53e-06,1.41e-06,1.5e-06,2685900000
2023-06-22 02:00:00,1.5e-06,1.53e-06,1.46e-06,1.52e-06,1070100000
2023-06-22 03:00:00,1.52e-06,1.54e-06,1.49e-06,1.51e-06,1842100000
2023-06-22 04:00:00,1.51e-06,1.53e-06,1.5e-06,1.52e-06,1485300000
2023-06-22 05:00:00,1.52e-06,1.53e-06,1.49e-06,1.5e-06,4651100000
2023-06-22 06:00:00,1.5e-06,1.5e-06,1.4e-06,1.43e-06,1354900000
2023-06-22 07:00:00,1.43e-06,1.45e-06,1.4e-06,1.43e-06,508900000
2023-06-22 08:00:00,1.43e-06,1.44e-06,1.39e-06,1.42e-06,1123700000
2023-06-22 09:00:00,1.42e-06,1.5e-06,1.42e-06,1.46e-06,1709200000
2023-06-22 10:00:00,1.46e-06,1.54e-06,1.46e-06,1.51e-06,4582300000
2023-06-22 11:00:00,1.51e-06,1.51e-06,1.41e-06,1.42e-06,1714300000
2023-06-22 12:00:00,1.42e-06,1.53e-06,1.42e-06,1.51e-06,2186100000
2023-06-22 13:00:00,1.51e-06,1.67e-06,1.5e-06,1.64e-06,3378700000
2023-06-22 14:00:00,1.64e-06,1.67e-06,1.45e-06,1.51e-06,6084400000
2023-06-22 15:00:00,1.51e-06,1.58e-06,1.48e-06,1.55e-06,3707400000
2023-06-22 16:00:00,1.55e-06,1.68e-06,1.54e-06,1.64e-06,5691700000
2023-06-22 17:00:00,1.64e-06,1.69e-06,1.61e-06,1.64e-06,2199000000
2023-06-22 18:00:00,1.64e-06,1.68e-06,1.55e-06,1.61e-06,1758400000
2023-06-22 19:00:00,1.61e-06,1.63e-06,1.58e-06,1.6e-06,740100000
2023-06-22 20:00:00,1.6e-06,1.62e-06,1.55e-06,1.57e-06,4342700000
2023-06-22 21:00:00,1.57e-06,1.61e-06,1.55e-06,1.57e-06,700700000
2023-06-22 22:00:00,1.57e-06,1.59e-06,1.52e-06,1.53e-06,792800000
2023-06-22 23:00:00,1.53e-06,1.57e-06,1.53e-06,1.55e-06,4854400000
2023-06-23 00:00:00,1.55e-06,1.6e-06,1.55e-06,1.58e-06,3483500000
2023-06-23 01:00:00,1.58e-06,1.6e-06,1.55e-06,1.55e-06,3842100000
2023-06-23 02:00:00,1.55e-06,1.55e-06,1.5e-06,1.54e-06,5971700000
2023-06-23 03:00:00,1.54e-06,1.56e-06,1.53e-06,1.55e-06,1975100000
2023-06-23 04:00:00,1.55e-06,1.6e-06,1.55e-06,1.57e-06,5184000000
2023-06-23 05:00:00,1.57e-06,1.6e-06,1.56e-06,1.58e-06,2114900000
2023-06-23 06:00:00,1.58e-06,1.6e-06,1.56e-06,1.58e-06,1684800000
2023-06-23 07:00:00,1.58e-06,1.58e-06,1.53e-06,1.56e-06,1798500000
2023-06-23 08:00:00,1.56e-06,1.58e-06,1.55e-06,1.58e-06,292600000
2023-06-23 09:00:00,1.58e-06,1.58e-06,1.52e-06,1.56e-06,1254500000
2023-06-23 10:00:00,1.56e-06,1.56e-06,1.52e-06,1.53e-06,1665500000
2023-06-23 11:00:00,1.53e-06,1.55e-06,1.53e-06,1.55e-06,1289800000
2023-06-23 12:00:00,1.55e-06,1.56e-06,1.43e-06,1.5e-06,3675100000
2023-06-23 13:00:00,1.5e-06,1.52e-06,1.45e-06,1.48e-06,2482800000
2023-06-23 14:00:00,1.48e-06,1.52e-06,1.48e-06,1.51e-06,2926700000
2023-06-23 15:00:00,1.51e-06,1.73e-06,1.51e-06,1.69e-06,6669500000
2023-06-23 16:00:00,1.69e-06,1.77e-06,1.67e-06,1.69e-06,6967500000
2023-06-23 17:00:00,1.69e-06,1.7e-06,1.64e-06,1.67e-06,1090800000
2023-06-23 18:00:00,1.67e-06,1.68e-06,1.61e-06,1.65e-06,208900000
2023-06-23 19:00:00,1.65e-06,1.67e-06,1.64e-06,1.65e-06,101800000
2023-06-23 20:00:00,1.65e-06,1.67e-06,1.64e-06,1.66e-06,33000000
2023-06-23 21:00:00,1.66e-06,1.69e-06,1.65e-06,1.65e-06,326300000
2023-06-23 22:00:00,1.65e-06,1.66e-06,1.62e-06,1.65e-06,57500000
2023-06-23 23:00:00,1.65e-06,1.67e-06,1.62e-06,1.65e-06,259000000
2023-06-24 00:00:00,1.65e-06,1.65e-06,1.57e-06,1.61e-06,1922100000
2023-06-24 01:00:00,1.61e-06,1.64e-06,1.61e-06,1.63e-06,1389200000
2023-06-24 02:00:00,1.63e-06,1.66e-06,1.63e-06,1.66e-06,364200000
2023-06-24 03:00:00,1.66e-06,1.66e-06,1.63e-06,1.64e-06,92600000
2023-06-24 04:00:00,1.64e-06,1.65e-06,1.61e-06,1.63e-06,57300000
2023-06-24 05:00:00,1.63e-06,1.64e-06,1.61e-06,1.63e-06,667700000
2023-06-24 06:00:00,1.63e-06,1.64e-06,1.61e-06,1.62e-06,91300000
2023-06-24 07:00:00,1.62e-06,1.63e-06,1.58e-06,1.58e-06,193100000
2023-06-24 08:00:00,1.58e-06,1.63e-06,1.58e-06,1.61e-06,45000000
2023-06-24 09:00:00,1.61e-06,1.69e-06,1.61e-06,1.66e-06,694800000
2023-06-24 10:00:00,1.66e-06,1.69e-06,1.64e-06,1.69e-06,2166500000
2023-06-24 11:00:00,1.69e-06,1.69e-06,1.67e-06,1.68e-06,26800000
2023-06-24 12:00:00,1.68e-06,1.74e-06,1.67e-06,1.74e-06,1539600000
2023-06-24 13:00:00,1.74e-06,1.74e-06,1.61e-06,1.66e-06,3234100000
2023-06-24 14:00:00,1.66e-06,1.68e-06,1.62e-06,1.65e-06,1804100000
2023-06-24 15:00:00,1.65e-06,1.65e-06,1.49e-06,1.55e-06,2374000000
2023-06-24 16:00:00,1.55e-06,1.55e-06,1.47e-06,1.53e-06,3735700000
2023-06-24 17:00:00,1.53e-06,1.57e-06,1.51e-06,1.56e-06,697300000
2023-06-24 18:00:00,1.56e-06,1.58e-06,1.52e-06,1.56e-06,91500000
2023-06-24 19:00:00,1.56e-06,1.58e-06,1.56e-06,1.56e-06,91700000
2023-06-24 20:00:00,1.56e-06,1.57e-06,1.52e-06,1.54e-06,2410500000
2023-06-24 21:00:00,1.54e-06,1.56e-06,1.54e-06,1.55e-06,343100000
2023-06-24 22:00:00,1.55e-06,1.57e-06,1.53e-06,1.53e-06,56600000
2023-06-24 23:00:00,1.53e-06,1.56e-06,1.52e-06,1.54e-06,604900000
2023-06-25 00:00:00,1.54e-06,1.57e-06,1.53e-06,1.54e-06,100300000
2023-06-25 01:00:00,1.54e-06,1.56e-06,1.52e-06,1.55e-06,250000000
2023-06-25 02:00:00,1.55e-06,1.59e-06,1.54e-06,1.57e-06,1382100000
2023-06-25 03:00:00,1.57e-06,1.61e-06,1.55e-06,1.6e-06,159400000
2023-06-25 04:00:00,1.6e-06,1.67e-06,1.6e-06,1.61e-06,5549100000
2023-06-25 05:00:00,1.61e-06,1.63e-06,1.58e-06,1.62e-06,103500000
2023-06-25 06:00:00,1.62e-06,1.64e-06,1.59e-06,1.62e-06,65900000
2023-06-25 07:00:00,1.62e-06,1.62e-06,1.55e-06,1.59e-06,1167600000
2023-06-25 08:00:00,1.59e-06,1.61e-06,1.57e-06,1.6e-06,399700000
2023-06-25 09:00:00,1.6e-06,1.61e-06,1.56e-06,1.6e-06,98900000
2023-06-25 10:00:00,1.6e-06,1.63e-06,1.56e-06,1.58e-06,2354200000
2023-06-25 11:00:00,1.58e-06,1.62e-06,1.56e-06,1.6e-06,37900000
2023-06-25 12:00:00,1.6e-06,1.62e-06,1.54e-06,1.58e-06,283300000
2023-06-25 13:00:00,1.58e-06,1.59e-06,1.54e-06,1.58e-06,152100000
2023-06-25 14:00:00,1.58e-06,1.59e-06,1.56e-06,1.56e-06,25500000
2023-06-25 15:00:00,1.56e-06,1.57e-06,1.55e-06,1.56e-06,3820500000
2023-06-25 16:00:00,1.56e-06,1.65e-06,1.55e-06,1.63e-06,4406600000
2023-06-25 17:00:00,1.63e-06,1.63e-06,1.56e-06,1.59e-06,28600000
2023-06-25 18:00:00,1.59e-06,1.61e-06,1.57e-06,1.59e-06,92200000
2023-06-25 19:00:00,1.59e-06,1.61e-06,1.57e-06,1.59e-06,251100000
2023-06-25 20:00:00,1.59e-06,1.61e-06,1.58e-06,1.59e-06,2382900000
2023-06-25 21:00:00,1.59e-06,1.62e-06,1.58e-06,1.59e-06,1937500000
2023-06-25 22:00:00,1.59e-06,1.64e-06,1.59e-06,1.62e-06,186300000
2023-06-25 23:00:00,1.62e-06,1.62e-06,1.6e-06,1.61e-06,1411800000
2023-06-26 00:00:00,1.61e-06,1.63e-06,1.57e-06,1.58e-06,1888100000
2023-06-26 01:00:00,1.58e-06,1.59e-06,1.55e-06,1.56e-06,319600000
2023-06-26 02:00:00,1.56e-06,1.57e-06,1.5e-06,1.53e-06,637400000
2023-06-26 03:00:00,1.53e-06,1.55e-06,1.52e-06,1.54e-06,73300000
2023-06-26 04:00:00,1.54e-06,1.56e-06,1.52e-06,1.55e-06,820100000
2023-06-26 05:00:00,1.55e-06,1.55e-06,1.51e-06,1.53e-06,55600000
2023-06-26 06:00:00,1.53e-06,1.57e-06,1.52e-06,1.57e-06,28900000
2023-06-26 07:00:00,1.57e-06,1.58e-06,1.55e-06,1.56e-06,13600000
2023-06-26 08:00:00,1.56e-06,1.57e-06,1.55e-06,1.56e-06,315800000
2023-06-26 09:00:00,1.56e-06,1.56e-06,1.54e-06,1.55e-06,12400000
2023-06-26 10:00:00,1.55e-06,1.55e-06,1.53e-06,1.54e-06,44000000
2023-06-26 11:00:00,1.54e-06,1.56e-06,1.53e-06,1.56e-06,157100000
2023-06-26 12:00:00,1.56e-06,1.56e-06,1.55e-06,1.55e-06,396500000
2023-06-26 13:00:00,1.55e-06,1.6e-06,1.55e-06,1.6e-06,410000000
2023-06-26 14:00:00,1.6e-06,1.62e-06,1.57e-06,1.58e-06,131900000
2023-06-26 15:00:00,1.58e-06,1.58e-06,1.57e-06,1.57e-06,327400000
2023-06-26 16:00:00,1.57e-06,1.58e-06,1.52e-06,1.53e-06,330600000
2023-06-26 17:00:00,1.53e-06,1.56e-06,1.51e-06,1.53e-06,304400000
2023-06-26 18:00:00,1.53e-06,1.54e-06,1.52e-06,1.53e-06,63600000
2023-06-26 19:00:00,1.53e-06,1.54e-06,1.51e-06,1.54e-06,153200000
2023-06-26 20:00:00,1.54e-06,1.54e-06,1.49e-06,1.51e-06,745700000
2023-06-26 21:00:00,1.51e-06,1.53e-06,1.51e-06,1.52e-06,58000000
2023-06-26 22:00:00,1.52e-06,1.52e-06,1.5e-06,1.51e-06,1442700000
2023-06-26 23:00:00,1.51e-06,1.52e-06,1.5e-06,1.5e-06,52100000
2023-06-27 00:00:00,1.5e-06,1.53e-06,1.5e-06,1.52e-06,36400000
2023-06-27 01:00:00,1.52e-06,1.53e-06,1.5e-06,1.53e-06,1011700000
2023-06-27 02:00:00,1.53e-06,1.55e-06,1.52e-06,1.55e-06,36600000
2023-06-27 03:00:00,1.55e-06,1.56e-06,1.53e-06,1.55e-06,248600000
2023-06-27 04:00:00,1.55e-06,1.56e-06,1.54e-06,1.55e-06,1125400000
2023-06-27 05:00:00,1.55e-06,1.58e-06,1.55e-06,1.56e-06,597100000
2023-06-27 06:00:00,1.56e-06,1.57e-06,1.55e-06,1.57e-06,585900000
2023-06-27 07:00:00,1.57e-06,1.59e-06,1.56e-06,1.58e-06,3063300000
2023-06-27 08:00:00,1.58e-06,1.6e-06,1.56e-06,1.56e-06,4248200000
2023-06-27 09:00:00,1.56e-06,1.59e-06,1.56e-06,1.58e-06,45500000
2023-06-27 10:00:00,1.58e-06,1.66e-06,1.56e-06,1.65e-06,9796700000
2023-06-27 11:00:00,1.65e-06,1.65e-06,1.63e-06,1.64e-06,100200000
2023-06-27 12:00:00,1.64e-06,1.67e-06,1.63e-06,1.65e-06,217000000
2023-06-27 13:00:00,1.65e-06,1.65e-06,1.61e-06,1.62e-06,3880800000
2023-06-27 14:00:00,1.62e-06,1.65e-06,1.6e-06,1.63e-06,3253500000
2023-06-27 15:00:00,1.63e-06,1.63e-06,1.6e-06,1.6e-06,38600000
2023-06-27 16:00:00,1.6e-06,1.63e-06,1.6e-06,1.62e-06,468800000
2023-06-27 17:00:00,1.62e-06,1.63e-06,1.61e-06,1.62e-06,25900000
2023-06-27 18:00:00,1.62e-06,1.62e-06,1.6e-06,1.62e-06,359800000
2023-06-27 19:00:00,1.62e-06,1.62e-06,1.61e-06,1.61e-06,832200000
2023-06-27 20:00:00,1.61e-06,1.61e-06,1.6e-06,1.61e-06,18500000
2023-06-27 21:00:00,1.61e-06,1.63e-06,1.61e-06,1.63e-06,430400000
2023-06-27 22:00:00,1.63e-06,1.63e-06,1.61e-06,1.61e-06,141000000
2023-06-27 23:00:00,1.61e-06,1.62e-06,1.61e-06,1.62e-06,61100000
2023-06-28 00:00:00,1.62e-06,1.62e-06,1.55e-06,1.57e-06,1099600000
2023-06-28 01:00:00,1.57e-06,1.57e-06,1.56e-06,1.57e-06,1071400000
2023-06-28 02:00:00,1.57e-06,1.57e-06,1.55e-06,1.56e-06,891300000
2023-06-28 03:00:00,1.56e-06,1.57e-06,1.55e-06,1.57e-06,1404200000
2023-06-28 04:00:00,1.57e-06,1.57e-06,1.56e-06,1.56e-06,26100000
2023-06-28 05:00:00,1.56e-06,1.56e-06,1.55e-06,1.55e-06,1313400000
2023-06-28 06:00:00,1.55e-06,1.55e-06,1.53e-06,1.53e-06,3484000000
2023-06-28 07:00:00,1.53e-06,1.54e-06,1.51e-06,1.51e-06,4457500000
2023-06-28 08:00:00,1.51e-06,1.52e-06,1.51e-06,1.52e-06,1425200000
2023-06-28 09:00:00,1.52e-06,1.55e-06,1.52e-06,1.54e-06,78600000
2023-06-28 10:00:00,1.54e-06,1.54e-06,1.53e-06,1.54e-06,13100000
2023-06-28 11:00:00,1.54e-06,1.54e-06,1.52e-06,1.53e-06,231900000
2023-06-28 12:00:00,1.53e-06,1.53e-06,1.5e-06,1.51e-06,254200000
2023-06-28 13:00:00,1.51e-06,1.52e-06,1.49e-06,1.51e-06,800400000
2023-06-28 14:00:00,1.51e-06,1.55e-06,1.51e-06,1.53e-06,5022300000
2023-06-28 15:00:00,1.53e-06,1.54e-06,1.52e-06,1.53e-06,1954800000
2023-06-28 16:00:00,1.53e-06,1.54e-06,1.51e-06,1.51e-06,2085800000
2023-06-28 17:00:00,1.51e-06,1.51e-06,1.46e-06,1.47e-06,1671800000
2023-06-28 18:00:00,1.47e-06,1.5e-06,1.47e-06,1.48e-06,849800000
2023-06-28 19:00:00,1.48e-06,1.49e-06,1.38e-06,1.43e-06,2176200000
2023-06-28 20:00:00,1.43e-06,1.43e-06,1.41e-06,1.43e-06,2043400000
2023-06-28 21:00:00,1.43e-06,1.45e-06,1.41e-06,1.44e-06,725800000
2023-06-28 22:00:00,1.44e-06,1.45e-06,1.42e-06,1.43e-06,89200000
2023-06-28 23:00:00,1.43e-06,1.44e-06,1.42e-06,1.42e-06,21400000
2023-06-29 00:00:00,1.42e-06,1.44e-06,1.41e-06,1.42e-06,937000000
2023-06-29 01:00:00,1.42e-06,1.44e-06,1.41e-06,1.43e-06,20600000
2023-06-29 02:00:00,1.43e-06,1.44e-06,1.41e-06,1.42e-06,784200000
2023-06-29 03:00:00,1.42e-06,1.43e-06,1.41e-06,1.43e-06,72700000
2023-06-29 04:00:00,1.43e-06,1.43e-06,1.42e-06,1.43e-06,110900000
2023-06-29 05:00:00,1.43e-06,1.43e-06,1.42e-06,1.42e-06,1393000000
2023-06-29 06:00:00,1.42e-06,1.42e-06,1.41e-06,1.42e-06,75100000
2023-06-29 07:00:00,1.42e-06,1.46e-06,1.41e-06,1.45e-06,1627700000
2023-06-29 08:00:00,1.45e-06,1.48e-06,1.45e-06,1.46e-06,1903700000
2023-06-29 09:00:00,1.46e-06,1.47e-06,1.45e-06,1.47e-06,116900000
2023-06-29 10:00:00,1.47e-06,1.52e-06,1.46e-06,1.51e-06,42800000
2023-06-29 11:00:00,1.51e-06,1.51e-06,1.47e-06,1.5e-06,124600000
2023-06-29 12:00:00,1.5e-06,1.62e-06,1.49e-06,1.59e-06,6167500000
2023-06-29 13:00:00,1.59e-06,1.62e-06,1.55e-06,1.56e-06,1928900000
2023-06-29 14:00:00,1.56e-06,1.57e-06,1.54e-06,1.55e-06,1783200000
2023-06-29 15:00:00,1.55e-06,1.55e-06,1.53e-06,1.53e-06,5505300000
2023-06-29 16:00:00,1.53e-06,1.57e-06,1.53e-06,1.55e-06,869400000
2023-06-29 17:00:00,1.55e-06,1.57e-06,1.53e-06,1.53e-06,2188400000
2023-06-29 18:00:00,1.53e-06,1.55e-06,1.52e-06,1.55e-06,36800000
2023-06-29 19:00:00,1.55e-06,1.55e-06,1.53e-06,1.55e-06,2482900000
2023-06-29 20:00:00,1.55e-06,1.56e-06,1.53e-06,1.53e-06,17800000
2023-06-29 21:00:00,1.53e-06,1.55e-06,1.53e-06,1.53e-06,83400000
2023-06-29 22:00:00,1.53e-06,1.55e-06,1.52e-06,1.53e-06,45500000
2023-06-29 23:00:00,1.53e-06,1.55e-06,1.53e-06,1.55e-06,20000000
2023-06-30 00:00:00,1.55e-06,1.55e-06,1.53e-06,1.54e-06,1409200000
